,Accounting___Auditing,Acting___Theater,Advertising___Marketing,Agricultural_Equipment,Agriculture___Forestry,Agrochemicals,Alcoholic_Beverages,Animal_Products___Services,Apartments___Residential_Rentals,Apparel,Aquaculture,Architecture,Auto_Financing,Autos___Vehicles,Aviation,Boats___Watercraft,Book_Retailers,Building_Materials___Supplies,Business___Industrial,Business_News,Business_Operations,Business_Services,CAD___CAM,Car_Electronics,Car_Rental___Taxi_Services,Carpooling___Ridesharing,Chemicals_Industry,Civil_Engineering,Coatings___Adhesives,College_Financing,Commercial_Lending,Commercial_Vehicles,Computer_Hardware,Computer_Security,Computer_Servers,Computers___Electronics,Construction___Maintenance,Construction_Consulting___Contracting,Consulting,Consumer_Electronics,Corporate_Events,Credit___Lending,Cruises___Charters,Customer_Relationship_Management__CRM_,Data_Management,Developer_Jobs,Development_Tools,Distribution___Logistics,Doctors__Offices,Dyes___Pigments,Economy_News,Education,Emergency_Services,Energy___Utilities,Enterprise_Resource_Planning__ERP_,Enterprise_Technology,Entertainment_Industry,Entertainment_Media,Events___Listings,Fashion___Style,Fast_Food,Finance,Financial_Planning,Fire___Security_Services,Fitness,Flooring,Food___Drink,Food_Production,Footwear,Forestry,Freight___Trucking,Fuel_Economy___Gas_Prices,Gifts___Special_Event_Items,Government,GPS___Navigation,Grocery___Food_Retailers,Health,Health_Insurance,Home___Garden,Home_Appliances,Home_Financing,Home_Furnishings,Home_Improvement,Hospitals___Treatment_Centers,Hotels___Accommodations,Import___Export,Industrial_Materials___Equipment,Insurance,Internet___Telecom,Investing,Job_Listings,Jobs,Legal_Services,Luggage___Travel_Accessories,Luxury_Goods,Mail___Package_Delivery,Manufacturing,Maritime_Transport,Mass_Merchants___Department_Stores,Medical_Facilities___Services,Mental_Health,Newspapers,Office_Supplies,Outsourcing,Performing_Arts,Pharmaceuticals___Biotech,Pharmacy,Politics,Printing___Publishing,Professional___Trade_Associations,Programming,Rail_Transport,Real_Estate,Real_Estate_Agencies,Recruitment___Staffing,Restaurants,Resumes___Portfolios,Retail_Trade,Shopping,Social_Services,Spas___Beauty_Services,Sports,Swimming_Pools___Spas,Textiles___Nonwovens,Timeshares___Vacation_Properties,Tobacco_Products,Tourist_Destinations,Transportation___Logistics,Travel,Travel_Agencies___Services,Trucks___SUVs,Unwanted_Body___Facial_Hair_Removal,Vehicle_Brands,Vehicle_Licensing___Registration,Vehicle_Shopping,Veterinarians,Web_Hosting___Domain_Registration,Weddings,Welfare___Unemployment,World_News,Bankruptcy,Birthday,Commercial_Building,Economic_crisis,Exportation,Financial_crisis,Foreclosure,Housing_bubble,House_price_index,Interest,Investment,Job,Loan,Luggage,Office_space,Lawyer,Student_loan,Unemployment,Recession,GDP_Growth
2016-03-31,-1.6688953464456442,-1.559520669672005,-1.6330510444504234,-1.3568714276076836,-1.4936068376498328,-1.389627259769271,-1.5325459808223512,-1.5579779159599203,-1.495906104171325,-1.502393628022222,-1.6367307338982635,-1.5170571790199618,-1.7300084132360445,-1.5030995782410057,-1.688207584161364,-1.279976141619723,-2.007042366892364,-1.5248848696123185,-1.5883447383920304,-1.6190612511162752,-1.5794679799525428,-1.6554793673689294,-1.6879412991846008,-1.707557438131902,-1.49646092090346,-2.096285314144404,-1.4896300328355756,-1.5752465244247391,-1.508056658817725,-1.6966270347143837,-1.8151897413692888,-1.4545289092339813,-1.8266298930272915,-1.7765749997174252,-1.8029422946917155,-1.777698026853718,-1.5446212677494664,-1.5437537432376371,-1.6036399100052452,-1.703266550986512,-1.5890487921034036,-1.7216621226939777,-1.5710038272637683,-1.2650898149388057,-1.674345038989108,-1.4204277776792884,-1.7805698460640271,-0.4038351703017992,-1.541520985336267,-1.0988444564429451,-1.6874054366576237,-1.5289771601085227,-1.6137509741955394,-1.5628842358788262,-1.4471228848636952,-1.6631635654214858,-1.5455436408257075,-1.547245355717208,-1.5356522667881818,-1.5919017684397316,-1.5183098174771037,-1.6110556411967325,-1.3285677095920236,-1.831712910768492,-1.5781275590064636,-1.4898883065636948,-1.5054292627290986,-1.5524982502100242,-1.5488192870073456,-1.310671309229427,-1.5634399772335406,-1.3610106996540092,-1.553584453278266,-1.7350622572213932,-1.808557822129615,-1.62545525967349,-1.5089123293112017,-1.550476069962464,-1.5112009848621346,-1.4984746571621352,-1.7298825078249165,-1.5846027846985715,-1.534803371956771,-1.5321045458396902,-1.471163876240304,-1.5427326665721997,-1.590198028097458,-1.5757871430248769,-1.8154969734117767,-1.6094438180612656,-1.7427645902929356,-1.6417737501551457,-1.6079269982565236,-1.7807529725245774,-1.7355339594197596,-1.742144572222634,-1.5358232701937076,-1.6729591730605309,-1.6085949847747438,-1.5446243319179311,-1.3032683174430988,-1.7730885296852112,-1.5149452050323642,-1.512462324447431,-1.6042415493707567,-1.7761451247304936,-1.6159723403453812,-1.9302850168995629,-1.7386324101635642,-1.6473697076302078,-1.7238399008260112,-1.7653706981259425,-1.4586946305859774,-1.684379204311789,-1.750146108734384,-1.418634228488971,-1.7780316448457063,-1.6525379425562037,-1.6014562839747937,-1.534437566855595,-1.4550269768619597,-1.7285026330810982,-1.7472987399207307,-1.597376583217147,-1.43815338371374,-1.5297831486278195,-1.5368091371308406,-1.648584711236906,-1.562610376486464,-1.5692681116944014,-1.561474933552479,-1.5196907044355987,-1.59708349384625,-1.2890618388030626,-1.7166436513825958,-1.4034517026064632,-1.842423456356092,-1.4578750050705271,-1.5372403031815696,-1.8824150113612543,-1.750146108734384,-1.557008624790421,-1.750146108734384,-1.750146108734384,-1.799770303282244,-1.439142165054803,-1.750146108734384,-1.750146108734384,-1.750146108734384,-4.5316922621152615,-1.926224827985833,-1.786134677767251,-1.0651042387937093,-1.8749396789719872,-1.750146108734384,-1.6184364330531618,-1.750146108734384,-1.7739647255948363,-1.750146108734384,6.7
2016-06-30,-1.4713267679902935,-1.4468886074732057,-1.5742628306786304,-1.417300976105327,-1.5008816858970018,-1.1469894230240991,-1.5101049184145414,-1.5060255189747913,-1.3764860938019028,-1.4166375308946362,-1.5687538957110798,-1.568864568100324,-1.610639473414185,-1.5347626021910754,-1.6028079350018247,-1.1103094162655731,-0.8206544573031451,-1.5425715070129051,-1.5683749100403188,-1.5176231113851093,-1.561583107936818,-1.6076783419907126,-1.731535149102593,-1.6376246707527051,-1.3860712119439973,-1.638488682649747,-1.391496573321007,-1.455220010596617,-1.5347099007086435,-1.5038011845953003,-1.5111468811882105,-1.3693645219011683,-1.744683511738121,-1.6843613539774198,-1.774175490625866,-1.705954186471636,-1.5305832416728082,-1.2486968017953326,-1.4380039958660424,-1.6425779706002477,-1.583122774511509,-1.5631565376935608,-1.5627631318003348,-1.2076364300373952,-1.687189464177464,-1.3468990800732512,-1.5645741116800762,-0.9043291769682684,-1.5047618409180183,-0.8441739095983773,-1.4645548592085889,-1.5102208853613226,-1.4764010557267315,-1.5018147870761642,-1.304269834738739,-1.6336125473778358,-1.5515735813763265,-1.4572726962893685,-1.3794921481622529,-1.550338753101856,-1.3350974272832603,-1.4905153404910303,-2.345630303657148,-1.7629667730688403,-1.5007376531929275,-1.4964877961573322,-1.473762634063697,-1.5059561596328337,-1.4679996895409615,-1.615024210940362,-1.5092293868620763,-2.1776069799093354,-1.476411303904628,-1.5431488832990956,-1.7420984817935592,-1.5305807376361351,-1.4912278974405575,-1.4662123717391289,-1.463739631617057,-1.5128160936920905,-1.6870636449455043,-1.5345069678502763,-1.514164537167055,-1.500775817504748,-1.43858865178521,-1.4702392775197306,-1.3370178928575231,-1.566835223101754,-1.755507642563377,-1.4808532378228694,-1.6506108848498664,-1.6124052223909613,-1.2519332376408892,-1.4725362503608446,-1.728232786799322,-1.6980528838396816,-1.4560963603238697,-1.5654406883375458,-1.5360470712332048,-1.522548043443655,-1.3466765584813556,-1.6994773471677798,-1.5209963600635987,-1.4667600446854698,-1.5512593778987536,-1.5631490002721102,-1.5300340670440786,-1.4375789146729665,-1.6902621836527354,-1.2011951605252074,-1.639249619155785,-1.8372039515828031,-1.4410419120898983,-1.4908365685647118,-1.638488682649747,-1.397842701787391,-1.6629433806815237,-1.485969423317678,-1.5096960017820231,-1.5473771092852204,-1.398075262414451,-1.3929088166719683,-1.7201609551024015,-1.491834391634577,-1.487070697727468,-1.5347997469183332,-1.4975150971455184,-1.5786431283155624,-1.497207490329857,-1.4702923673516963,-1.5684373842042012,-0.9731111500240388,-1.58736549526405,-1.4067782657171757,-1.5647071490614386,-1.4287242179068629,-1.8073038896749456,-1.5699013558446997,-1.5511248591526503,-1.7642083472956738,-1.638488682649747,-1.4246074423856068,-1.638488682649747,-1.638488682649747,-1.6242987452468678,-1.3456684911289531,-1.638488682649747,-1.993497953175997,-1.638488682649747,-2.315762291487037,-1.703769231279434,-1.7455034855776974,-1.4202454323779892,-1.8535567960949684,-1.638488682649747,-1.5808717384861966,-1.638488682649747,-1.1557731363224548,-1.638488682649747,4.4
2016-09-30,-1.277760638460386,-1.1786783734790771,-1.3749240664290718,-1.1972247519033987,-1.2840416561280774,-0.9927260605740232,-1.3077058187474242,-1.274322857548791,-1.1826814368124778,-1.2440818894396837,-1.353270344755767,-1.353397513727857,-1.437522534714276,-1.2879727526555036,-1.3688698178568914,-1.2387718492245925,-1.7432771582116575,-1.35277319309357,-1.3767617397786265,-1.4206933766664565,-1.4365903663743842,-1.438713046116948,-1.448718341443183,-1.2768929838348535,-1.2668911542999692,-1.1394207130995178,-1.2875235527586513,-1.3814923111919195,-1.157562966108599,-1.395226530573572,-1.4628844785412305,-1.0912633609332816,-1.5630606447431898,-1.5051886829251877,-1.600178253306964,-1.5271916099894496,-1.362536698533897,-1.3750390941481594,-1.3497809847310325,-1.4197774488480734,-1.341335865299932,-1.4046871143199036,-1.4121323314454903,-1.5141212190607514,-1.4297000489738565,-1.1417032173096566,-1.5984368315212572,-1.1071585554031187,-1.2495913167624395,-1.3604210983425904,-1.440947711044288,-1.3316089473972117,-0.0949389548977501,-1.3541159084655718,-1.1847908207278264,-1.4810090294661653,-1.3624258162412262,-1.2495262164625611,-1.1503237841007503,-1.3309412854986855,-1.2418660900535423,-1.351014629182079,-0.9013238340918291,-1.8149874830537256,-1.2599782934807704,-1.3147106159221629,-1.2891459606517846,-1.344615621693571,-1.244948494277433,-0.8950776405195902,-1.2527171413220228,-2.0849225316568853,-1.2989810210118438,-1.388832190571912,-1.3649279123689129,-1.4720566808425473,-1.3610422142791896,-1.3871211396259358,-1.2373957044827582,-1.336058737632772,-1.2950264911574494,-1.3343023108197498,-1.290893922419438,-1.2408959487730984,-1.2317591591323365,-1.3690084688956996,-0.3472975290949726,-1.3736042560804138,-1.5282407879785505,-1.491243262434036,-1.4212677244206968,-1.3950256806962276,-1.1053252837148269,-1.3601207385434824,-1.4917084510810277,-1.5162784638171656,-1.2877346654398454,-1.4029734346908769,-1.452758929011234,-1.2895559152061766,-1.432778145746954,-1.5527315960140302,-1.3417464260082772,-1.167828311308615,-1.2620794505431463,-1.6141313872722516,-1.3268203438871018,-2.036126382876243,-1.394692943704461,-1.5595060000150427,-1.5086099977153464,-1.068254693503565,-1.2416810003899093,-1.206138000622753,-1.4897189355303284,-1.2191882559006182,-1.469086251041092,-1.4179603141547814,-1.303135561858889,-1.3472548790189451,-1.1586480476649377,-1.1851027911540977,-1.4322083144066986,-1.3076637670202529,-1.1775360972104727,-1.1079459701500631,-1.2696921413388813,-1.3226141126458348,-1.27329262983778,-1.3979315290903431,-0.9554799084657802,-1.3538055652221628,-1.3426546255421776,-1.383459765732444,-1.479418652471697,-1.131635622638424,-1.5585590277995856,-1.3840670258687924,-1.3770722685986263,-1.4895571754545454,-1.502652544899713,-1.3220253444331505,-1.4897189355303284,-1.1828740088715384,-1.6229491876638145,-1.3116008798290415,-1.4897189355303284,-1.4897189355303284,-1.4897189355303284,-2.909660376880756,-1.6694091103036148,-1.5240624135835732,-2.0363783513607108,-1.5017945640591586,-1.4897189355303284,-1.7066681519835531,-2.09218156479998,-2.0627984515396207,-1.8447282060565795,2.9
2016-12-31,-1.0614287904816988,-1.235131299874782,-1.1452074127812004,-1.0356549533037926,-1.0617802377682075,-0.6761399537886192,-1.0956074907172366,-1.1098730286099647,-1.035736090737333,-1.037204345516872,-1.0914584346333849,-0.9870364835184724,-1.2037187748235558,-1.0689868790096098,-1.128631658244027,-1.142414934370428,-1.1463484417916243,-1.1035627242464807,-1.1382645522112578,-1.1951160327551698,-1.2147969216614034,-1.1491859342653576,-1.336018994027542,-1.0837186893550113,-1.1144502030842582,-0.9325009874877496,-1.099621065791341,-0.9955350115282704,-1.1326893740025386,-1.183965500783873,-1.290988568480972,-0.3408744791742709,-1.3254117014699012,-1.2443311915123718,-1.4141059366878908,-1.310389874614277,-1.126317733915053,-1.2174969881582294,-1.0886590562508809,-1.167534895891014,-1.261986905474021,-1.1146977141975936,-1.1165409432656968,-0.9997737723396404,-1.2379719129857567,-0.9081050276769412,-1.283737650866713,-0.8890738712398124,-1.2003330182927958,-1.2575945537347095,-1.1462543721715928,-1.1009567346114826,-0.3948589568221677,-1.1451124743257954,-1.1777780943395038,-1.2843924994738622,-1.156310298212457,-1.0555711287630312,-1.105202545976458,-1.1285691407935885,-1.0074140291400453,-1.1307139389606866,-0.852566881119318,-0.9388915865641604,-1.046841313064368,-1.1411104436165609,-1.084872412610839,-1.189268317146817,-1.0545195187491674,-0.9262753541430552,-0.6495581946097798,-1.591197012626639,-1.1031556279725916,-1.1092865730461283,-1.0101196356868738,-1.2160836474849095,-1.1407773364043226,-1.261936626798461,-1.0436351772634749,-1.1579651204884185,-1.1708071419410375,-1.159832928966127,-1.082457125440243,-1.0513193612422354,-1.0535808291230766,-1.1545542564706543,-0.0522596592540109,-1.1869789889236833,-1.387446739503443,-1.1269767423543169,-1.2043072374441208,-1.2100174273636433,-0.6908005469214846,-1.115749542802759,-1.2748608284269056,-1.2775054279308025,-1.0965878132656133,-1.2565802411468248,-1.313730708541074,-1.0709571191425893,-1.197819899267879,-1.2738519102593189,-1.1205969401400493,-1.0595983466511538,-1.066614979307085,-1.2862826162594905,-1.123200588709779,-0.8208710264986204,-1.179152653127093,-1.2767202359113268,-1.2583429515206457,-1.2952508211741498,-1.087098375467548,-1.1230724396465914,-1.2733330489372352,-1.015812431199692,-1.2274041677734917,-1.2070021407051472,-1.0955139151645417,-1.115992489825833,-0.96810942819456,-1.1550146901452487,-1.0410707303127549,-1.1218268164845735,-1.0641312581448583,-0.906597351607149,-1.0865509770926916,-1.099839697969113,-1.0941827588694617,-1.16767778557532,-0.5477486221458616,-1.2037902647675571,-1.1113967543472845,-1.3026090174114748,-1.079106400412049,-1.169206618194683,-1.4303658047514836,-1.0941210899549327,-1.0969258481335027,-1.251897228137654,-1.2733330489372352,-1.1375317174728832,-1.2733330489372352,-1.2733330489372352,-1.336793351117424,-0.9935187289582824,-1.2733330489372352,-1.2733330489372352,-1.2733330489372352,-1.5801779755960257,-1.3987186465730157,-1.4362322289163942,-2.706514522686042,-1.1958341142217446,-1.2733330489372352,-1.357276816194405,-1.255231965326892,-0.3213418665528629,-1.2733330489372352,6.2
2017-03-31,-0.8275560321779495,-0.9600913298469136,-0.9125121833004688,-1.0506107843523909,-0.8776549413694072,-0.6497695978512047,-0.8448966448105216,-0.7924452138464505,-0.7864840078272906,-0.8528595971064278,-0.8649265269233298,-0.7479598352265935,-0.9383961653461635,-0.9258712009849028,-0.915672788997932,-1.1394145649741458,-0.56861616011904,-0.8386716272478748,-1.0311379286565443,-0.9662388934850504,-0.9404329135278122,-0.9291921456964478,-0.9781986695097156,-0.7287416358390288,-0.8407984309165472,-0.2930286523681973,-0.8529283853864359,-0.9020785343042697,-0.9030008833865202,-0.9099666558468829,-0.9077013843444288,-0.4530970213679852,-1.0054824582918405,-0.9380252497322944,-1.0573023670097197,-0.9706784552168366,-0.8648600935410342,-0.8970969733164397,-0.7555339153342321,-0.8632421533265512,-0.8513449716087164,-0.8165610849939815,-0.7393904503600962,-0.5471101316188053,-0.9758056669064468,-0.8551807697740039,-0.9116012328070768,-1.3078991523744068,-0.837316404922353,-1.2451942268271472,-1.0039531902484582,-0.8491125054714336,-0.5118169731004336,-0.8431636327977002,-0.8795174096825359,-0.9325579350919296,-0.9077442800063716,-0.8461188802188435,-0.7117353787427351,-0.9562060008883506,-0.7613469712291407,-0.873983057619077,-0.6751213195096961,-1.1643482232308608,-0.7763300866220942,-0.8826896445377128,-0.8399400872444645,-0.896366913427837,-0.8154499659386345,-0.9633101926411456,-0.6683929272070102,-1.0068543941664378,-0.8774249812590084,-0.925591281795418,-0.5195587306649343,-1.0128352487620518,-0.9200038843538808,-0.8757435816494309,-0.8117216167065646,-0.963783038652196,-0.8057096221341732,-0.8793075503798354,-0.853953138385499,-0.782632691532696,-0.8707375007198876,-0.9938916735463788,-0.6032205302018459,-0.9919272157650082,-1.0868077860857208,-0.9150487761501906,-0.9243800089965076,-0.9534135693859124,-0.6343082761108191,-0.8010964798219345,-0.9797404922958152,-0.8643640574579791,-0.9049762838071564,-0.8558977540929534,-1.033044995551887,-0.8429465879083532,-1.042489092783256,-1.075090434631502,-0.8556355062252599,-0.7160991146433636,-0.8019986208737363,-0.9268463652606056,-0.7715160800193795,-0.9613951174409098,-0.8470740333756598,-1.3014970114088529,-1.0011604521651924,-1.0789419623395202,-0.8803090119052153,-0.8643153045355696,-0.9848403128528112,-0.7873323670163874,-0.6731093752272753,-0.8058393894745244,-0.854114905190743,-0.9258731392230616,-0.8176921235758834,-0.9473249021789518,-0.8694747498206712,-0.8632647423107154,-0.8672488325519061,-0.670471542520208,-0.8832286683814347,-0.8528053315079107,-0.8294919609648324,-0.7147095621052421,-0.639296244835687,-0.9352919729423872,-0.8834940268430262,-1.1403391682686048,-1.191681059914575,-0.8245927488659139,-0.9435282629496146,-0.8645897463413831,-0.9718138259433736,-0.9844633281048468,-0.9848403128528112,-0.8679518245640803,-0.9848403128528112,-0.9848403128528112,-0.8534457378512118,-1.295844256532392,-0.9848403128528112,-0.9848403128528112,-0.9848403128528112,-0.9848403128528112,-0.8365984503494401,-1.0238643639081126,-4.063999908923068,-0.5957923569191597,-0.9848403128528112,-0.7969253477530559,-0.9848403128528112,0.4102260343243507,-0.9848403128528112,7.3
2017-06-30,-0.7585814476660453,-0.7442000259275657,-0.6623813108478042,-0.507424647666655,-0.6526398651601814,-0.6400264564365427,-0.5818327630274529,-0.5703594295776574,-0.5708688938904797,-0.6136041004466082,-0.7030953854365495,-0.5815318472468493,-0.6673973763008916,-0.687667830208397,-0.6676738347972578,-1.1119513741236156,-0.9870973841119468,-0.5645638036193884,-0.7230219051605371,-0.6484019634443006,-0.6879487656811035,-0.6314864922476665,-0.6792347883906829,-0.5390429792337066,-0.6141617330549198,-0.6655249457988691,-0.6280086411244838,-0.6607490491895702,-0.585642406030561,-0.7350356853619918,-0.5105856559679065,-0.3738838969077279,-0.6855842769949608,-0.6633456880252848,-0.7438702493882776,-0.6912985659809083,-0.5946557654513591,-0.6358005435286376,-0.5179579088355426,-0.635502980974186,-0.5776522969479116,-0.5875428716509579,-0.4801076606534385,-0.3793580176960055,-0.6882422309825511,-0.6968591127580813,-0.6934286499182579,-1.0423625380244492,-0.6087164882286841,-1.319028985223555,-0.650396759302158,-0.5889556349946127,-0.3714627465027033,-0.3803977270464519,-0.8609611467414415,-0.6987897548725571,-0.4636971516369602,-0.5742653003124668,-0.5525573406409036,-0.7236058461416405,-0.4866969022723438,-0.6318727514903598,-0.6576950136579784,-0.4599153759683562,-0.5494165915814695,-0.5793970698692169,-0.5575828268094618,-0.6646915336918346,-0.5532726387300768,-0.7499340764058195,-0.4815218297732263,0.3710048708787617,-0.6619077592368809,-0.6266820883895303,-0.3337947007089861,-0.6114129814441689,-0.6263875882157883,-0.5738822922809775,-0.530380787877507,-0.5993410029471994,-0.5738821274387125,-0.6133763944138066,-0.5647796779820198,-0.4071079395584858,-0.6046503068863387,-0.6467394228310438,-0.5230163457295429,-0.6035534299802875,-0.7944679062130304,-0.6477030818221243,-0.6818871030597008,-0.695003909107154,-0.5639117751433383,-0.5626868739959895,-0.627398224187334,-0.5747160887618031,-0.685640322690828,-0.6879217630144543,-0.6829380410116831,-0.5447699321724865,-0.7441570063419044,-0.7312441345814056,-0.614899217776319,-0.6228374592258461,-0.5590187118630884,-0.6664070219400293,-0.5314219730498919,-0.7896705044745214,-0.6356960858882013,-0.7161653690297366,-0.7130932682771077,-0.618344854468747,-0.6236688933511488,-0.5768079432470802,-0.6655249457988691,-0.4184589998057041,-0.4085458779799036,-0.630408703173737,-0.6469282187627717,-0.6527010398736811,-0.5264371586424391,-0.4663688810254365,-0.5836223346007745,-0.6170514103717027,-0.5383266531001136,-0.445553598776456,-0.5814127091608368,-0.6056003038979424,-0.549846390424232,-0.5791423527401266,-0.4193971132603936,-0.2232389019648132,-0.671084488372202,-0.6518210838995573,-1.066302453012342,-0.4006307911599348,-0.6217997002186932,-0.6765911418879059,-0.6886591896405013,-0.434062461380659,-0.6655249457988691,-0.6662357357211383,-0.6655249457988691,-0.6655249457988691,-0.6289688031924379,-0.6708320897594038,-0.6655249457988691,-0.6655249457988691,-0.6655249457988691,-2.4838130363988613,-0.5863657910380128,-0.720217507438262,-2.9344868401725965,-0.231212156527045,-0.6655249457988691,-0.6047535517443531,-0.6655249457988691,-0.4175068918985113,-0.6655249457988691,4.3
2017-09-30,-0.45182989526922,-0.5168785934147309,-0.4357104702917678,-0.23640544125728,-0.3792978202976628,-0.3106653447920089,-0.3349717941046293,-0.374395019602165,-0.3647548868433514,-0.4148296352903048,-0.3045363308243687,-0.3802769111892876,-0.3123454015162655,-0.4904137603867951,-0.3558631239891631,-0.5996914187055947,0.2340664023777775,-0.3977707244050006,-0.5065310589372547,-0.3690901624529307,-0.3835270831934449,-0.4132057514569108,-0.4650070603618187,-0.4648302403994417,-0.3956286040697477,-0.3899255586957106,-0.320262525025123,-0.2779519705918695,-0.497480281562659,-0.4834759846973183,-0.4485140903510842,-0.3019957118036583,-0.3783812834673205,-0.4322468154049467,-0.4725538103816877,-0.4074547625308332,-0.4028673917115269,-0.4809925230444728,-0.2438617318750265,-0.4080191360162254,-0.4375962465910116,-0.2690772598737946,-0.326021896036519,0.0381425516400566,-0.4272469927142536,-0.3202676210279266,-0.2712947384141868,-0.0889853611894015,-0.3887003622366156,-0.3670958809620132,-0.329285014951279,-0.3634560284919483,-1.3867217672059224,-0.1130158468799568,-0.5686102119968628,-0.3922667428321926,-0.3894787671805224,-0.397505795672176,-0.4001571555303095,-0.4953546032651834,-0.0799934231824926,-0.3597652236472531,-0.3507760421578119,-0.4351697469611885,-0.3250455501722106,-0.303089292893116,-0.3416592123053608,-0.3591185972489526,-0.3500064063679401,-0.3706911954917055,-0.3509893804498123,-0.3210042366844649,-0.4599527097826393,-0.3747077031510323,-0.3191211441246473,-0.4380047233154355,-0.4575282553514,-0.2356692420408245,-0.3220094605387933,-0.3157912144562402,-0.3929496671599622,-0.3751511396640661,-0.3518025898324434,-0.318064137339654,-0.3828098044358568,-0.3783878170045164,-1.1268785336749327,-0.3582747869514862,-0.5690440361659009,-0.3740428457797725,-0.4242505722218316,-0.3842870244579842,-0.5432165261024126,-0.3142845624946337,-0.4508175260456521,-0.2877394594521416,-0.4205507782724001,-0.3757652594559054,-0.4797773362565727,-0.3772743950310099,-0.5728314439055465,-0.469150854493004,-0.3312071726490577,-0.5820460505629683,-0.4162850120884839,-0.3414986428843592,-0.259456348185326,-0.2989677380593987,-0.331622337331612,-0.3887032784691365,-0.3878834224632037,-0.9226930539199132,-0.4336814581224984,-0.386704725683916,-0.3866165290738884,-0.1522156371466301,-0.2054561689123738,-0.2754520169642634,-0.4423726222127122,-0.534578027802725,-0.3663561350499715,-0.3809013501270725,-0.3400862384129065,-0.4075056189233141,-0.3740833297752172,-0.4683088927449949,-0.3428594987969664,-0.3219936750592991,-0.3366462665424578,-0.3039297082983136,-0.6161029816777557,-0.4642639682941682,-0.439519162992242,-0.3027544690971666,-0.7572887401937098,-0.3075167628560839,-0.4708274506655391,-0.5056709374509478,-0.6443660275068794,-0.3083228249948994,-0.7145149811539895,-0.3750472009804171,-0.3866165290738884,-0.6934614557326786,-0.3012134367373243,-1.243181749100731,-0.3866165290738884,-0.3866165290738884,-0.3866165290738884,-0.3866165290738884,-0.0388515195230545,-0.3870332756029958,-3.153353347847099,-0.1675130480905739,-0.3866165290738884,-0.134609877446631,-0.102856571065124,0.4005271896368654,-0.3866165290738884,6.0
2017-12-31,-0.2901705963463277,-0.2152563457244883,-0.3260036420670231,-0.0736597467621175,-0.2225031576722496,-0.3332961438098464,-0.0535789718598175,-0.2015565182046196,-0.2064655968632642,-0.2313464949206092,-0.3788571538065572,-0.2893778674243165,-0.0553609951220065,-0.3222050171234099,-0.3112026833501242,-0.1955123073099747,-0.1709208909278674,-0.2333939553674629,-0.3672637994295609,-0.1961600908706817,-0.2217717809656448,-0.2490983000336598,-0.3122048582084809,-0.2406024330435488,-0.2445338888924564,-0.2228392342750816,-0.2048123491717335,-0.1471206393243387,-0.2295169917663252,-0.1915470674590643,-0.1106854070805607,-0.6718932096709294,-0.2326999667751142,-0.26617568122334,-0.3285833936180923,-0.2512433880847912,-0.2328789132218292,-0.1174645079429759,-0.1605389785589709,-0.2442267500782816,-0.2282228684742871,-0.1101879454307863,-0.2544365009728616,-0.0732850921042544,-0.2341578800759809,-0.2752127007023736,-0.1933409837684782,-0.2875098892982553,-0.1560265241285911,-0.2836068294175338,-0.2761043265865492,-0.1718857121494335,-0.7914124717046216,0.0254535961577452,-0.197415905569827,-0.1709930903836935,-0.2670950245180805,-0.2303534370772796,-0.1890313207508595,-0.2829933217568863,-0.0035377708902245,-0.154455757347419,-0.1799043727043095,-0.2498364892439206,-0.2318246924122128,-0.1702776121368023,-0.1648868337817062,-0.0990703128468723,-0.1527091576348359,-0.2724367673311583,-0.5204004650008021,0.4938455886935592,-0.3120782893134328,-0.2191773398731579,-0.2624769522852578,-0.1415365420753787,-0.232399819765237,-0.0478236648919719,-0.1636157350512554,-0.1336368716336443,-0.1277664994962401,-0.2067868142918136,-0.1758606055100177,-0.0498540661281744,-0.1729652915445783,-0.245512391966552,-1.0921975303711444,-0.1620169034694923,-0.3375303063919479,-0.2672265077689907,-0.2132342137269988,-0.2108656676866888,-0.5772396905575258,-0.1933703394685229,-0.3551406950074966,-0.1531229589137773,-0.249793654742561,-0.2148456090822831,-0.2695280302834158,-0.1686435357412244,-0.2974985822965496,-0.2748716211220657,-0.1255231906174459,-0.4605560808425512,-0.2441685336595622,-0.148205976586753,-0.1144002110922385,-0.4003754793337523,-0.2212092325234861,-0.3442668203218791,-0.2265488823260148,-0.3168003798346381,-0.2390333243057982,-0.2585848935797979,-0.2118284714302774,-0.0202074161429641,-0.2600211211636826,-0.0502927008718531,-0.2719992736191914,-0.3306092992802013,-0.205261407183962,0.0518062503433796,-0.2970717501488569,-0.18382102741897,-0.1887828701819268,-0.3182838933957082,-0.2081856943083568,-0.2709147765539211,-0.1402846032329706,-0.1075440853517307,-0.6901473929960215,-0.2118284714302774,-0.2195197341575015,-0.1195547930155525,-0.5936574133729238,-0.099983553835246,-0.3035099976734065,-0.2846870599476164,-0.480049462075027,-0.2555241789963211,0.0965635366794589,-0.2653526093317833,-0.2118284714302774,-0.2118284714302774,-0.1789745317498612,-0.4716560542678764,-0.2118284714302774,-0.2118284714302774,0.1178229940583839,0.0311141986884479,0.0757498572402931,-0.1606790045943499,-1.23974866448998,-0.1358108931433881,-0.2118284714302774,-0.0390600825044567,0.2943169875868001,-0.5835138179548706,-0.2118284714302774,8.0
2018-03-31,-0.2666119342252472,-0.1913935127996547,-0.3636578565570205,0.0728992479659399,-0.2246410289037219,-0.3140025300583797,-0.0286972775619108,-0.2419174607032166,-0.1976460528880473,-0.2190118448056954,-0.2409044078646514,-0.3572974121216323,-0.0068870142656865,-0.2712150428586649,-0.2559855433342469,-0.1800193248143013,-0.1424552446798226,-0.2479663734608951,-0.301539733777817,-0.1270940987648734,-0.2672204215497075,-0.2306568761012475,-0.2446732802166908,-0.2858177535293646,-0.2162546514884817,-0.923217831791,-0.2452412592961558,-0.2035297917929834,-0.1801086920406354,-0.1237187177280285,-0.2574039171401692,-0.4379620440622503,-0.2214798282582783,-0.2133009007780822,-0.2320634069938804,-0.2254923491179321,-0.2741495339153533,-0.2026316374351092,-0.1956661657021876,-0.2732769818673232,-0.3672628150177432,-0.0820862837039694,-0.2251980990867677,-0.3220649997170811,-0.3312929162163752,0.0166312416019618,-0.1660778036424836,0.1605428662858445,-0.2018362701594283,-0.186689270782339,-0.0531372963583129,-0.1855766837798008,-0.503620535770312,-0.1810223537870879,-0.3570782226096618,-0.2509729246800519,-0.2557355400577922,-0.2433116145986195,-0.2198885066545425,-0.1746766816484837,-0.0181254563496944,-0.1056353966197538,-0.2196675965251756,0.108165629067874,-0.1965841387698488,-0.120793759494673,-0.1441105866474837,-0.2150254459669163,-0.1015595581931638,-0.1768623118016364,-0.3422904671674637,-0.5079785108874643,-0.2751773495367852,-0.0658855104176848,-0.3995080887633804,-0.1286284218840217,-0.1144824927647476,-0.1351445806639618,-0.1874088047245767,-0.1541246936566045,-0.1047360452929442,-0.1893158217410233,-0.1994569118836128,-0.0290238220779778,-0.1105136154420808,-0.1237026002270537,-0.4741143836762425,-0.1230596608277953,-0.3328933760331614,-0.201181589830584,-0.1425486353851545,-0.1949035632166715,-0.3252095573175982,-0.1137412588795739,-0.3212145622137504,-0.1324525256979397,-0.3349716026628768,-0.240963391686235,-0.2235833556747157,-0.0524569281579867,-0.139875788318828,-0.1722307257413464,-0.10077147611925,-0.50116096174099,-0.1700785604581868,-0.1639379163179314,-0.0250680660335181,0.318709499370273,-0.1448186835519257,-0.0234514432274987,-0.1831380336800377,-0.1138633910202173,-0.1672502338536446,-0.1947847299719836,-0.173755199599335,-0.0049555043192931,-0.424999281746756,-0.1959060597365048,-0.2579800002839955,-0.3150635456838319,-0.098858547091491,-0.0616393821192352,-0.2527489590001575,-0.2191212582925452,0.0039290721697677,-0.1920703602919737,-0.1396729210045046,-0.1664339841249936,-0.1130049672077777,-0.3024842718333992,-0.4005545658558826,-0.1450327826138858,-0.1907714809052082,0.1435670731331161,-0.3335384868982009,-0.131660224470064,-0.2396158041858627,-0.2563565283830267,-0.3576683828938729,-0.0562650366339818,0.5660614998908795,-0.2530238002980003,-0.173755199599335,-0.173755199599335,-0.3185695150278565,-0.173755199599335,-0.173755199599335,-0.173755199599335,-0.173755199599335,-0.173755199599335,-0.0757340498748967,-0.1474927636510479,-0.173755199599335,-0.1913966897301551,-0.173755199599335,-0.2623794777799351,1.5105368175058025,-1.4351173901410468,-0.173755199599335,3.7
2018-06-30,-0.1901421656693352,-0.2927221957235574,-0.3675123487077498,-0.2014946047239859,-0.2418504434133188,-0.1739274114569446,-0.0026871680062672,-0.196904960168172,-0.2278097556311452,-0.2830943863151205,-0.1716430678396028,-0.2796374001521628,-0.0138134636989241,-0.2420540811237825,-0.2994824528789079,-0.2662489391470218,0.2037180090784128,-0.3102576113019187,-0.3813524400054484,-0.2749670927905065,-0.318174160640987,-0.2848800416358591,-0.3066367368427126,-0.2636785353672676,-0.3167767879123876,-0.2443182404120575,-0.3212663935231804,-0.2131981454251328,-0.2456002985351701,-0.2059971245495628,-0.2061662195893767,-0.2867399059865688,-0.3406269639711213,-0.2475392581930029,-0.3100890175899966,-0.3059093055242564,-0.3136789412658232,-0.1341083496159344,-0.2369119041311172,-0.2974805778374211,-0.2421103969839716,-0.0743801601316877,-0.252319195312862,-0.4166468823909369,-0.3307355562600247,0.0709589223673167,-0.3519261715476406,0.1852259971202804,-0.1270852981379004,-0.2678907662811658,-0.3904504432970083,-0.268095884411115,-0.4541823779492097,-0.4925964017366465,-0.2454766329213989,-0.2769705513930983,-0.4183130967607828,-0.3923204852672508,-0.3455254677185388,-0.2248366802044775,-0.0954150790583488,-0.1275470400199323,0.753132952894086,-0.2339957678780643,-0.2896306341371658,-0.1769059778312872,-0.2123564115223186,-0.2102832195733023,-0.1661517770900505,-0.2360045449579547,-0.2874787637393666,0.0533286588853229,-0.3074478262064725,-0.086874288304824,-0.3860623564273202,-0.1245705626313001,-0.2265671383361576,-0.23046223370508,-0.2282993303191708,-0.198129985912985,-0.1178503907664361,-0.2396122840030998,-0.2374514767588991,-0.179330029548433,-0.1471863663233906,-0.2063662338905012,-0.5363591021042887,-0.2096925788050096,-0.3949371474638699,-0.2544767685659221,-0.1817419613576706,-0.2355375407165927,-0.2281299408477683,-0.1465729705682369,-0.3506913766234815,-0.1610579241498431,-0.3137588666471816,-0.2321463495302237,-0.4448768170207202,-0.1589017468252775,-0.3850349611891574,-0.3750239673302561,-0.2018581506088734,-0.4842287600094803,-0.2551577820344929,-0.2367077595783087,-0.0954647104830744,-0.2905057621394174,-0.233672589533442,0.1721646966655453,-0.2730885066471435,-0.2548015039502431,-0.2531860518324162,-0.3303123955454,-0.2443182404120575,-0.0748893186198435,-0.4280472950348576,-0.1702513868310504,-0.3034603228194413,-0.3417265145432563,-0.2188828631488698,-0.1592220790601771,-0.2926028290480433,-0.2277597427007061,-0.0999979968575284,-0.2260318389177863,-0.2174674705367662,-0.2185382643137949,-0.1974989233909798,-0.2382555419548375,-0.3745220638209973,0.0177144214562383,-0.1636181201185406,0.0058810090858158,-0.2355800767233351,-0.1323877477952188,-0.3154873061707123,-0.2749086143548249,-0.4631042057742428,-0.4937160674229226,-0.2443182404120575,-0.1658371301931348,-0.2443182404120575,-0.2443182404120575,-0.2775182254895846,-0.2561759850141543,-0.2443182404120575,-0.2443182404120575,-0.2443182404120575,0.0334446759451904,-0.0904816044206509,-0.1204884607440233,-0.2443182404120575,-0.2519650971094723,-0.2443182404120575,-0.0916545779501017,0.0374941939056075,0.7695935588616968,0.0946601632236542,5.2
2018-09-30,-0.2851582885811966,-0.4037595233004354,-0.3742149905790177,-0.2841447582849067,-0.2936104784078813,-0.4043023872732352,-0.1009957320468468,-0.2427229750633392,-0.3061388903163468,-0.4198621743479841,-0.1357782935775041,-0.284874190052187,-0.1414809277054985,-0.3861451259086528,-0.4550817600131168,-0.3265952569831652,-0.3333023450669025,-0.3469264088972202,-0.4466816358374444,-0.3175325054088825,-0.3308314064024096,-0.3380679358081219,-0.4027390057390989,-0.3271574113125408,-0.3152876208384056,-0.6855652769040275,-0.3890699719070447,-0.33199746393774,-0.3415837219847341,-0.0980175128247898,-0.1892340913280573,-0.3820832179885913,-0.4626239455277218,-0.3560843808986124,-0.4704014078977817,-0.4457004321599642,-0.3436674584423323,-0.2516914354214337,-0.3447017452815933,-0.425337993789074,-0.4168406171965807,-0.1240886382325543,-0.2501570854505088,-0.5005558650550478,-0.4404389582551505,-0.1183307424260462,-0.3888333138013404,-0.3074825990435284,-0.1884156759498053,-0.3124705057103892,-0.3748864456592953,-0.3288060422375802,-0.3970162044090305,-0.559858094122563,-0.3404280438611948,-0.405842819534513,-0.461186150401518,-0.2841754418797547,-0.209475631728512,-0.3471234644081497,-0.3817824757015498,-0.2167073050888847,-0.2503885288426103,-0.1929289190446748,-0.4426454408710801,-0.3238518198682153,-0.3549337921998347,-0.339123786691263,-0.2918838371201272,-0.3568778739587141,-0.3685625294307385,0.5797376316367223,-0.4619717272981934,-0.2924721144896015,-0.2560761207735685,-0.1321487715068663,-0.295672159635661,-0.3126784496761031,-0.3378924422816283,-0.271075797318473,-0.1636637247269167,-0.3402239740545516,-0.3376026445456214,-0.2858740110307274,-0.2761197905926374,-0.2318396796735113,-0.5321793812694656,-0.2957952719794566,-0.5279581730689781,-0.3700919460310706,-0.298903767615565,-0.3235219392018894,-0.2558657951568148,-0.2133406738993678,-0.4529542833383968,-0.3480711660853357,-0.3996577553343265,-0.4038274666558719,-0.454624410603179,-0.2259105103556902,-0.5035053962696175,-0.5027265289655717,-0.2561136310569866,-0.3908083044786431,-0.4568409534262573,-0.3430441727022879,-0.2422249336042317,-0.4152182411121828,-0.2850333399877197,-0.0048342498580412,-0.3866130541832768,-0.3710191753176203,-0.2937442796157404,-0.4551297251983049,-0.3708867775569544,-0.2381485383551028,-0.1682814107411452,-0.3333672011667445,-0.4311461706973337,-0.2926904527194435,-0.2888683031660051,-0.1265978918760974,-0.2767202088497751,-0.268720146819701,-0.1413016412569347,-0.3463165075497377,-0.3525915302102662,-0.4317957098865549,-0.2729941369094664,-0.2804429213559662,-0.444428976551769,-0.4099556825842304,-0.3263666234623438,-0.1423702064489869,-0.3167173562579347,-0.1333644415607173,-0.4222831223864317,-0.4215845544935027,-0.2586254923066872,-0.5837736828488289,-0.3708867775569544,-0.4369468237236987,-0.3708867775569544,-0.3708867775569544,-0.2227464893911175,-0.1073953879773875,-0.3708867775569544,-0.3708867775569544,-0.3708867775569544,-0.3708867775569544,-0.318877284319187,-0.2399869880878558,-0.3708867775569544,-0.2637630761455621,-0.3708867775569544,0.0342495538048108,0.4942508893716019,1.1133057753791085,-0.3708867775569544,4.4
2018-12-31,-0.4713612147118114,-0.5061972466975762,-0.4308601828601809,-0.3781195897282904,-0.4444143848567639,-0.3835376647909951,-0.3779906671338756,-0.3018003408224884,-0.3607673300703444,-0.510647123204143,-0.2868450240468027,-0.382923915935848,-0.3569545530253505,-0.4836188069474491,-0.5963271095891989,-0.4991835555704428,-0.3022314838015295,-0.433014565183051,-0.4942229423891876,-0.2263093011013822,-0.4445086358654805,-0.3955681207521828,-0.4606558321357006,-0.4327635422282169,-0.4131693110397583,0.2243463001018166,-0.4318709792554085,-0.3903419659306152,-0.3922644051141382,-0.3932491167060274,-0.4671063252218632,-0.5081077131384893,-0.5316591740215231,-0.4892389585314862,-0.5506716430481894,-0.5205801957569649,-0.4363231481297971,-0.428163903910313,-0.3509447986596692,-0.5087132646328842,-0.3392858071302708,-0.2309981562222194,-0.280375050966476,-0.3935096209035281,-0.6344532428764975,-0.150427717016425,-0.4756158665048635,-0.4580437921365115,-0.3092941011248165,-0.4000646330444732,-0.1513292110014101,-0.468192567464457,-0.4836248561812454,-0.6513754156380843,-0.5434032209153996,-0.5506412976650452,-0.4540675129118375,-0.3117140530970518,-0.2504893123514072,-0.4039884598924989,-0.286954447706928,-0.3211906792704732,-0.2527714385180654,-0.1136006301436483,-0.4791224246698362,-0.3474953059851953,-0.4217126073501732,-0.4471164130948939,-0.3988887994832406,-0.4351824163219844,-0.4987770658018967,-0.0183921375473464,-0.5204211314308604,-0.3949283942185979,-0.325701839977151,-0.282093888670579,-0.3827284916131198,-0.3357739334325659,-0.4169647718062593,-0.4301824326444056,-0.2379912315607389,-0.3886497438515975,-0.4207338197359149,-0.4395817540520017,-0.3679592212604116,-0.3980684860916948,-0.5259084982532938,-0.3558241236949608,-0.6267003518233706,-0.4301852122866861,-0.4292346177362472,-0.4322476652114295,0.1823671696422216,-0.3311047468806042,-0.4532026169443602,-0.5002342029178025,-0.4995545476801908,-0.5806591140853293,-0.4496425222180949,-0.3867499467792046,-0.5003704109351961,-0.4690840564974236,-0.3088536501691445,-0.4353785882135632,-0.5366937439862782,-0.3810351660194958,-0.3207658008707971,-0.4700228086406658,-0.3332795017872174,-0.2115994230978599,-0.4796078611530504,-0.4895541234968802,-0.4076210683840908,-0.3061200595154166,-0.4657944186313258,-0.3110273476486511,-0.3945656050573633,-0.576057535853742,-0.5006563709965227,-0.4818231176735775,-0.3040837892273993,-0.2821337393584071,-0.4126109733349219,-0.4550789967381049,-0.2431336219578403,-0.4630335154978856,-0.407218133973894,-0.4739780908218654,-0.3831392676873992,-0.2859493750678866,-0.501950762323986,-0.5353372028010037,-0.5242085930337775,-0.3543254323268803,-0.4816786438969555,-0.1860929713996759,-0.5246744610472084,-0.5505675815199329,-0.5794103830360595,-0.4167666147442512,-0.1510331013047395,-0.5276049505858631,-0.4657944186313258,-0.4657944186313258,-0.4796415972733033,-0.4657944186313258,-0.4657944186313258,-0.4657944186313258,-0.8208036891575765,-0.7274249864514916,-0.5070704207350862,-0.3496647294462184,-0.4657944186313258,-0.2298658211793185,-0.110785148105075,0.3879079144357673,0.4637315208030975,-0.2173710856084287,-0.4657944186313258,-3.5
2019-03-31,-0.4151581435493104,-0.5228774516403428,-0.3540882616030647,-0.3306529458750271,-0.3201938864770737,-0.4705760341573011,-0.3486465467222853,-0.2854638976068401,-0.318743954169378,-0.4672707293962482,-0.220381633894874,-0.4195409021696212,-0.2746101351024819,-0.459346287298715,-0.3533230074367484,-0.4731511287435048,-0.2001246833984577,-0.3508245997437499,-0.4282412405782351,-0.1890672408972372,-0.374519234346829,-0.3795848636125655,-0.5206618460595895,-0.4470600660164339,-0.3543902344608611,0.5169091922641901,-0.4039039477643109,-0.3195614854420264,-0.3292698074550013,-0.3924013313183068,-0.3446819641612743,-0.342957319464478,-0.4904389257808165,-0.4779036871111046,-0.5219525173870461,-0.4851680421362048,-0.3500886219903673,-0.4641716580070142,-0.3136062675898607,-0.4702805007786984,-0.3431574121884599,-0.2387541927160045,-0.2012746999754949,-0.3437328731943019,-0.5249697631422698,-0.1582142704622912,-0.2942807052211686,-0.3461628640191437,-0.2086052794271207,-0.4562741522599637,-0.5137181191368465,-0.4389364461324454,-0.3359792745450102,-0.4695893264332564,-0.4387410494968654,-0.4927734463605985,-0.5975196388252538,-0.3500028343374055,-0.2808321369567603,-0.4384656941819201,-0.2852887279218872,-0.3352321405225116,-0.3151707075537935,-0.4255204499338886,-0.4513033463575299,-0.3103707406113451,-0.3705410096725033,-0.2403030558514572,-0.4180597924874915,-0.3731460676730866,-0.4047135533115993,0.3092851507061374,-0.5105999280148223,-0.4365477255144335,-0.3782478104615691,-0.2796979048363506,-0.4469365161493046,-0.1968100358805005,-0.3772537846511398,-0.3937648209825986,-0.3440200344808554,-0.3611747805660484,-0.3514530258808582,-0.4439594013222008,-0.3899283020796896,-0.4617346724646293,-0.223032061748695,-0.3092876740225411,-0.616787473613577,-0.3811205352304115,-0.3960953146069039,-0.3510461452233538,-0.0950060219107553,-0.3148510443431075,-0.4414806662603056,-0.4563665252797834,-0.4116964867327053,-0.508691325547809,-0.4476043763509774,-0.3748949873952725,-0.6732446826063766,-0.6527105682617835,-0.3066056011001219,-0.380613920712448,-0.6035785139848385,-0.3778488108292486,-0.3722035446514162,-0.8545539318455533,-0.4011367751961747,-0.3074206789537664,-0.447154048965132,-0.4093074839095564,-0.4182291490901197,-0.3877291847620104,-0.4686306870472102,-0.321798947925997,-0.390495332357788,-0.4582891681057542,-0.4742581679024958,-0.4523179201855334,-0.2534213923636532,-0.2914559896707567,-0.2400308322642871,-0.3748421017580698,-0.2522533333424254,-0.2503752807711093,-0.4188103490697336,-0.4210010287641437,-0.3644007452035069,-0.2638964550038064,-0.37923021826794,-0.1582344861522575,-0.484421864032855,-0.4063247935216377,-0.4593351227168482,-0.1589310333595893,-0.6701423130550552,-0.5539208800924553,-0.5505319942407622,-0.5139490038102552,-0.8269608938707846,-0.4990900758083423,-0.1136214165209594,-0.4686306870472102,-0.4193330270920025,-0.4686306870472102,-0.4686306870472102,-0.4686306870472102,-0.4686306870472102,-0.4686306870472102,-0.4362089404244643,-0.3238343568469318,-0.4686306870472102,-0.1064363273203381,-0.4686306870472102,0.1561173668740162,1.4617017933984997,0.9455780464592666,-0.4686306870472102,-0.1
2019-06-30,-0.4158825277960379,-0.4655090747589749,-0.2545767814191257,-0.3602192608100572,-0.349466180863955,-0.3872702170265827,-0.4331254872133557,-0.2116866736839644,-0.3777630760074795,-0.3586705521252783,-0.3604485868844251,-0.3239349235785181,-0.4068553376017754,-0.3677114996831814,-0.4783603632389091,-0.413460154359471,-0.2383303983549859,-0.2867355710865933,-0.3332150346761813,-0.1693076867081204,-0.2832366118665173,-0.1788021263396165,-0.5091681103567504,-0.4036154690911791,-0.3488973188982731,-0.3663174027692011,-0.2987239182384366,-0.4917862137463461,-0.1725186633644123,-0.2883593658209085,-0.3577598862681423,-0.4274707287616665,-0.4137989647695577,-0.3336530582368673,-0.4803317354128404,-0.334346884643882,-0.2254895580349248,-0.3507954984587781,-0.2803133821984348,-0.3659893746388537,-0.6210928799426012,-0.1682236502908529,-0.3541825450974928,-1.0757349450691776,-0.5213293689225448,-0.1510854025066068,-0.3837025339723059,-0.5502099861331934,-0.281418657172279,-0.3603705550115283,0.0327538083290224,-0.3655200275706747,-0.2412619093031446,-0.3491404280992805,-0.3454724597653283,-0.4489179614464967,-0.595442987688259,-0.3191445720823506,-0.326252002068483,-0.3156738474527584,-0.2617710483228159,-0.3261348774360868,-0.262340579098732,0.507918059656741,-0.3570198178188175,-0.3264708469817916,-0.3248314143317725,-0.3801943306777179,-0.3730923462466388,-0.4302714999279938,-0.3970127202117607,-0.2542316118488658,-0.467923944344276,-0.1471730339349748,-0.3458723529303011,-0.3335903427212204,-0.2276787735713854,-0.1386866685930939,-0.2278660508056303,-0.0278496630492798,-0.2046509727166717,-0.2830818946814632,-0.2550366952979948,-0.3679191813114383,-0.3977258837838937,-0.3479912289638032,-0.2016524258603119,-0.2057538371832632,-0.4830216986149394,-0.4016080942708691,-0.2327444438763626,-0.2127587385725884,0.0843948022720587,-0.4065853544822636,-0.3928481927383249,-0.4345400618721423,-0.4412613252158405,-0.4622941053218341,-0.2316265197504026,-0.3507358184637816,-0.0933748458193078,0.132377124904603,-0.2954130677258085,-0.0988864485646331,-0.5770809233984867,-0.4220545484719873,-0.3438970109006818,-0.1326319120761976,-0.2932384544585454,-0.3756279821524311,-0.3992724495817196,-0.4216941072040746,-0.3664006711785555,-0.2211762978120461,-0.3663174027692011,-0.3598995031134639,-0.5167107793977771,-0.4873267151832667,-0.3863973457084504,-0.4315622772692862,-0.1981290682581492,0.0791850648111008,-0.1285494983966486,-0.3975238803516708,-0.2496004724367798,-0.3614742128253621,-0.4201629162601208,-0.3545058222141157,-0.3865749438762844,-0.3570339546293741,-0.4383842399093355,-0.6234924744364642,-0.4990536420642198,-0.440808645792534,-0.4589736336106128,-0.1723207707947546,-0.4760338131105411,-0.4922780905651817,-0.4807790915673574,0.0076243260929009,-0.047614731508314,-0.5906730300148176,-0.3663174027692011,-0.3663174027692011,-0.4730959028806175,-0.6419727057273635,-0.3663174027692011,-0.3663174027692011,-0.3663174027692011,-0.6440803191264491,-0.4692741312755171,-0.2532576370314761,-0.3663174027692011,-0.2885353551109555,-0.3663174027692011,0.2892609977379753,0.4983787080100406,-1.542378965951072,-0.705295806404913,-1.8
2019-09-30,-0.1004596683525448,-0.1915464288372442,-0.0975214287203308,-0.1701368479450848,-0.1366362588760911,-0.1932969000421789,-0.2495276339633073,-0.0834935894893856,-0.1123597472531485,-0.1756829702808035,-0.2937305759980991,-0.2680601428880754,-0.029435655976944,-0.0822516157575961,-0.2400194218761758,-0.1632958348965582,0.0561789278595516,-0.1345413036607066,-0.1682027161891798,-0.110050656775942,-0.1151082508217289,-0.1349462723002692,-0.2153314405211552,-0.1393642118336849,-0.1234735502119743,-0.1950039077368899,-0.1509361512374836,-0.1900933639317171,-0.0759726893013728,-0.3267756512372664,-0.2199519050614584,-0.1401910097202322,-0.197707126910129,-0.2263823700355965,-0.1864009753399334,-0.1729603939333541,-0.0977151195862965,-0.2015288667957652,-0.1023137443717847,-0.1332634765227654,-0.1243750623150335,0.001667342534714,0.0556526786091901,-0.1654217651186016,-0.2594485363560694,0.086617367650717,-0.1643555468996744,-0.1339705635632118,-0.0631807447551384,-0.2595904714630646,-0.0760649043814771,-0.1604970074982686,-0.1239309762969733,-0.1610885957272767,-0.2087467802964991,-0.1906106731110159,-0.3279323485756488,-0.231532048267759,-0.0958437614728798,-0.1938039691402268,-0.0463552300050157,-0.1317083538345542,-0.0780548625258128,0.2062198535419081,-0.1861644673569363,-0.0562246466918648,-0.1137904506596581,-0.07906963039243,-0.1599530911750299,-0.1487962670196694,-0.121513871626792,-0.0222539694553118,-0.2151844766774838,-0.0735484575344137,-0.152635325407359,-0.0816809060455557,-0.1267237091655476,0.1400241518020639,-0.1355832061834536,-0.2576549143157098,-0.076157465970676,-0.0921916930412716,-0.104135153830103,-0.093495288515341,-0.1547928774797368,-0.3335793013765228,-0.10291984903524,0.0175276040146567,-0.2556935827076728,-0.0793617168429238,-0.0564352695902185,-0.0213468964338719,0.0883212305768165,-0.2465986225000739,-0.0839646173846247,-0.1213510726287938,-0.1991706901006436,-0.189648433556464,-0.1602917651553434,-0.0952492513392249,-0.2220158002843091,-0.1097849898618023,-0.222126683644275,-0.0956462569217153,-0.1941908867098032,-0.0661246308701741,-0.0782534628729754,0.2313744903150859,-0.2676940093179042,-0.1733304090491182,-0.1944542106044622,-0.0434131462751012,-0.1863683601152918,-0.0788898800038552,-0.1858233879190003,-0.1234181354026373,-0.4840329348011089,-0.2725315379619478,-0.1663499562106806,-0.2722243915044907,-0.0740231062407902,-0.2047817472495352,-0.1359012036760315,-0.1113788538224339,-0.1382207175863867,-0.0261407649904267,-0.2033717628712475,-0.1091789820069968,-0.1925601487200117,-0.1738593480890167,-0.1978582639085612,-0.1178667027649174,-0.025194324998002,-0.1167549430598908,-0.159355909406153,0.0114936422718084,-0.2705570574217975,-0.2653738584881673,-0.4857479963393386,-0.1353649339546906,0.1512555839789905,-0.1674564733200747,-0.1858233879190003,-0.1858233879190003,-0.2758683629052575,-0.4695833459277646,-0.1858233879190003,0.1684204725416221,-0.1858233879190003,-0.1858233879190003,-0.1670546945478617,-0.0736349985271475,2.398652034946924,-0.106814389594643,-0.1858233879190003,0.2513864676828485,2.628605579713972,-0.2284769986882114,0.4763264239798228,1.2
2019-12-31,0.1328466102377914,0.0395286312489775,0.1121617189846549,0.0398754204774747,0.044389649482858,0.0117360183455752,-0.0368943116984403,0.0966879932533971,0.039617273550889,-0.0028969991796025,0.0874556753492016,-0.1345847450192539,0.1258185627779468,0.0524576392661106,0.0666428169956326,-0.0329754270578719,0.1526627087456343,0.0100881324105478,0.0285903426544362,-0.0523702783786686,0.0517766267719294,0.0681233366217184,-0.0049779817077493,-0.0197190451423854,0.0588974037369039,-0.6661888662839176,0.1049578145886966,-0.1151644075998818,0.1706023910768168,0.17353906973351,0.2276463465231124,0.0713877814700358,-0.0307762331322337,-0.0880699415271102,-0.0212635573847135,0.00585577709157,0.0214054358620368,-0.0426952475434135,0.006855189563258,0.0232473025138441,-0.0415793731844276,0.1811007875765852,0.1145839098561292,-0.0372453344902959,-0.0474378745315586,0.0689678075082748,-0.0345277424222659,0.2925340056925197,0.1353787051314347,-0.1110502258253486,-0.268086162691976,0.0748625364070078,-0.0051077718568382,0.0404190628420417,0.1089933663765483,0.0430697946688325,-0.0755616696849063,-0.1623423382098818,0.1250960310601162,-0.0674387276624743,0.0802827950857125,0.0665184041463073,0.2544804891719601,0.2735888295957919,0.0085521993154695,0.1437550042948776,0.0441855843400602,-0.0056672965617561,0.0458592991576787,0.1342741661789987,0.0835769675261697,-0.0205030322347048,-0.093986900336339,-0.056374788883853,-0.1142103162320594,0.0972983131026638,0.0557618161742564,0.208272897064054,0.0408450642835694,0.1048674693340415,0.1532814216812165,0.0762346487490405,0.0378270112863255,0.1542080905191868,0.0339747383031258,-0.0244306513783208,-0.1404347010120173,0.1524901648189485,-0.0288916093559487,0.0598057884933224,0.0753194112588555,0.0885322500854822,0.0324879916464713,0.1965467979935251,0.3332054020025866,0.1417784487231473,0.0095906979609558,0.0430707327506939,-0.0033875997555758,0.1345112156550106,-0.059687658921193,-0.0428361662039899,-0.1248138347362214,0.3523035311561517,-0.1296729645026781,0.021762445934518,0.1141011770323461,0.6962411275860494,-0.0173258051599967,0.1616053859316465,-0.0167224809559485,0.1480759292234503,0.0312241355400066,-0.0337124026752411,0.0239518524492247,0.0870468668294288,-0.0707558746836684,0.0505217407213806,0.0033544073460228,-0.0681505758336316,0.0923137733313444,-0.3378463338722036,0.0460606287908548,0.1044095804786631,0.0819424168393691,0.1578398829571997,-0.0216929184072193,0.1074034834240258,0.004898554132615,-0.0674579130470988,0.0949735645143235,0.0255379514648197,0.0698740475658008,0.1835803455557943,0.0281762109593818,0.1870934077196403,0.0404691279888473,-0.1136664800147532,-0.1038291750918722,-0.0085045922880511,0.0391837155661828,0.0396508730310736,0.0239518524492247,0.0239518524492247,0.0777819597794489,0.3017147688064727,0.3789611229754754,0.0239518524492247,0.0239518524492247,0.0239518524492247,0.0934553970367483,0.110094419893821,3.491336409742644,0.1276066034931634,-0.331057418077026,0.1477632876920167,1.640456303355525,0.3741476267090305,0.0239518524492247,-0.3
2020-03-31,0.1192910461313979,0.0566695365683178,0.2970916991572397,0.0675248123206485,0.1771993272010479,0.2802381048829633,0.4508911348635217,0.2386416808288669,0.020089556196374,0.037831378057066,0.208486748316622,0.0221314243416477,0.1947030106751956,0.2201673797284412,0.0157822174828914,0.3482996752727656,0.1243106516925896,0.0474735548575917,0.1774898403999669,0.0528793114555652,0.1188953277223563,0.2038413659143003,0.0516290756697785,0.119746724854557,0.0047459869984634,1.112225019863839,0.2434795796700669,0.0370048718706212,0.100240081155258,0.0770155511806086,0.0837494013271511,0.1182123524205182,0.096015158636308,0.0836795886600097,0.0500883795927969,0.1151369966139121,0.0619366425508605,0.0855061290553572,-0.0918394667787673,0.1016992101134454,-0.1054881043916595,0.2028692083288151,0.1584366656874771,0.0836049521874246,0.0999265054572248,-0.0086878989986229,-0.0639458570223935,0.1473488643608428,0.1354535546101812,0.0645713402053797,0.6242487062856289,0.0765646491070322,0.234777887445294,0.0892266954533732,0.1432025192158067,0.2347080829809189,0.1673780673150533,0.162123269138837,0.0638191272219546,-0.0332161204014544,0.1153905558793803,0.1776654540953426,0.153796099235569,0.656400941314584,0.1704379863938227,0.0088885662968936,0.2239130946880879,0.1189320630172083,0.1291766545940997,0.189369997176748,0.1171502947992951,0.0801492420785115,0.0655016231822054,0.0359242876487486,0.0893732460415612,0.5249109667962126,0.3897531752247544,0.2500926355889369,0.1520741653126435,0.228153431012724,0.2006372060400057,0.0870554044923391,0.1108891406019729,0.2560647168281325,-0.012715978203884,0.1201998428309906,-0.1502646052661648,0.1879789466860724,0.1622549081812209,0.3539956452923946,-0.0628362397631074,0.0307098830097462,0.2178494340784711,0.0535565045501504,0.1757518064826562,0.1539015121595076,0.2339324770909597,0.1007073544958152,0.1262979665660603,0.196130058993248,0.2325441132287314,0.364241114653098,-0.0549954033212412,0.5866700895217968,0.0067939720279871,0.1827771475021758,0.3640069327114182,0.403829842635816,0.0794822535054482,0.0166198352907234,0.0859305952452745,0.0101948228710243,0.0509414096118225,0.1664477347211668,0.18619573941765,0.1033545409023767,-0.0218509833214591,0.0505740012557039,0.0790733986958166,0.0861302793425669,0.020552516181069,-0.2125551657739142,0.1031991293795645,0.0393589863839929,-0.0029520127531832,0.2048147891934578,-0.0038093097829252,0.2911030496756498,0.0118659830347595,0.0749533688294999,0.1036064016942091,-0.3524700975818702,0.2073980097069863,0.0674645973228303,0.1033612758821847,0.3832305270814562,0.2455887482851471,-0.0527145908868572,-0.0093929528775261,0.4394856711566644,0.847329853487696,0.1498776244196243,-0.1688135311086006,0.18619573941765,0.1399024357630804,0.9945380094027848,0.18619573941765,0.18619573941765,0.18619573941765,0.18619573941765,0.1451756503680105,0.0986027572688477,4.493905651577864,-0.3962265355493845,0.18619573941765,0.309935863757436,0.5018219946471334,1.3763017359941991,1.670492307693614,-0.9
2020-06-30,0.0574340144890603,0.0580647758474676,0.3324473292243269,0.5337416370332022,0.4376588135860586,0.2204926023382538,0.7018145087497409,0.4036044562585701,0.036010378435214,-0.0938024219008948,0.0822219247824262,0.1025450756566256,0.4101123056521132,0.14182846259957,-0.0631385102152306,0.4212039410653608,0.1392414097388888,0.088203573236435,0.2115862040520559,0.2052183516904726,0.1863453547873758,0.2127625359879182,0.0765252172416773,0.0941024888581433,-0.2940823441437439,1.1705597061666568,0.2518930567516014,-0.0269180157012607,0.2385141236972131,0.1826535780458195,0.330848504986802,0.3231391977213987,0.3214269585968989,0.0967123487540038,0.0492617430402236,0.1997458242720971,-0.0028533794981245,-0.1652025019057033,-0.1585890833898527,0.1789532050756437,-0.3157387470075769,0.1010280549648407,0.040126990981251,0.5390311134509459,0.1329058051127855,-0.3876155745472447,0.1648113660970942,-0.0552918854170318,0.2560747179567262,0.1055292110516178,0.339057846128202,0.331799729647536,0.1791716857644487,0.1363815436112056,0.0469991678827315,0.4577222698961964,0.2565375167715186,0.3535140880231789,-0.2953489975285951,-0.0125182866365311,0.1985782133483622,0.2289946680077781,0.089978603779116,0.0179204611039119,0.2825835834925686,0.1530915555295337,0.3826284683150121,0.4353939545970525,-0.0730924345425838,0.3504582833713753,0.2153967562132083,0.1197917952606254,0.2180204859457205,-0.3164800932557686,-0.0221085672939092,0.6372759295888923,0.3261830536639598,0.1120949967220651,0.1923033663322266,0.1279780326282155,0.2507971121141896,0.148894519949545,0.1630314194252198,0.1664205087924032,-0.4017463070088001,0.1865275252623391,-0.0691576915939771,0.1124167990622909,0.3595709471984218,0.4535574067900363,-0.4750900082104626,-0.3183977401749533,0.0386017691659892,0.1057419188770538,0.2825432428037004,0.1878057637480912,0.5046736573420663,0.1058015879956458,0.2709536761551601,0.2280327086457376,-0.0692911918081245,-0.1131994196189745,0.1671523595221851,0.6809426555058724,0.1558396630330099,0.2518837942653605,0.3556310382284744,0.2805259798848805,0.0650829798198612,0.413826688163053,0.1293743564670888,-0.170855488035662,0.1079119611244904,0.0849347968852825,0.2042997865708257,0.0749779057963476,-0.0568704145842197,0.2556051384760167,0.1059390995587859,0.139671314520848,-0.1334563707848435,-1.3788752478058783,0.0095434406272082,-0.0185184110840059,-0.13177157035282,0.1700382840451694,-0.0842730139656208,0.1263081956703066,-0.2863446389630588,0.1368530021603208,0.153298669325105,-0.8729211636992962,0.2292204958366661,0.1043667009156139,0.0032050705086263,0.3720165288313245,0.4186896673301455,-0.1176309086392848,0.0501161796712669,-0.1994273183066848,1.9454562065193317,0.5065008460542592,0.2042997865708257,0.2042997865708257,0.4242858311674015,0.7797584129559318,0.2042997865708257,0.2042997865708257,0.2042997865708257,0.2042997865708257,0.2814933874938336,-0.2779796436645464,3.814137008636201,-2.3077134027211863,0.2042997865708257,0.1237183919318471,1.095189344065905,1.6147241376015231,2.924191854754876,-17.1
2020-09-30,-0.1480550255507089,-0.253355013509372,0.1184140157936713,0.342636433672962,0.1174708821824266,-0.1162199008318387,0.1618170709161326,0.1519602296879088,0.0233298048116898,-0.0104858104886672,-0.0974428033038061,-0.0187835429727919,0.1714730601126377,0.117144570738218,-0.2525026866008874,-0.0888283700513697,0.0310178042985219,0.066203176399258,0.0431144809353839,0.0436499325458434,-0.0361327175829971,0.0191183557631709,-0.0656956073230058,-0.0570186210867504,-0.2111663795606482,-0.3047949893021986,0.2543849000295279,-0.1461365931385765,0.2515746465665311,-0.234749137179193,0.0621443161052819,0.4238558132141292,0.0890367420062032,-0.0949677583217922,-0.0783169096059768,0.0225462388533389,-0.045312600323395,-0.0207274262221154,-0.1981560078542754,0.0217404522604604,-0.3978362079918721,0.0322061030159097,-0.4347123189860951,-0.0586466548626792,-0.179454883341745,-0.1438492739155203,-0.0986494654199342,0.0626218331133084,0.1177747661597719,0.0624905083512092,0.0485708634332537,0.0284582120256939,-0.0658583682603315,0.0452650743126982,0.0567142305376016,0.0708580170348969,-0.0096084040366847,-0.0113941671325298,-0.4854580885081204,-0.0827989893098912,-0.1067720314736929,0.0069101708508946,0.080231444367034,-0.3971243470212666,0.030850384124721,0.1138321298166443,0.0028258358218702,0.1020497259683273,-0.0552058964120126,0.042043100505375,0.2412883276393922,-0.2770399278402645,-0.045964591444313,-0.261172738242618,-0.1277917035390867,-0.0909960347269693,0.0888068824137566,-0.048404913797021,0.080394131911697,0.1709569295354793,0.3779403203924384,0.0848530064669768,0.0887379191131191,0.0216383781428322,-0.2445707996009935,0.170273025228428,-0.0449927018170515,0.0144327349814263,0.0276921756470823,0.3392863853474406,-0.2201265223347421,-0.1520550645593129,0.0410710278866994,-0.0343743156707702,0.0125080808636748,0.1943918243473252,0.1546336783055594,0.0827442675668488,0.0150631855194176,0.0830584725413437,0.0313246553550603,-0.0082545339617145,0.0558673239691899,0.6346377284479663,-0.1973667748182912,0.0293175069197523,0.0618893494051543,0.0877928142466666,0.0656705714080328,0.5202036321661715,-0.0577547152238057,-0.2948848595292241,0.0351948390087146,0.0088583835197547,0.0231034627779025,-0.1294053185172587,-0.043823194641293,0.0704942183371426,-0.0110050093571253,-0.0451438328846261,-0.1349743823583429,-0.653645577567443,-0.0284779152086674,0.0382620763405126,-0.026809106295208,-0.1753505281609384,-0.23715988684755,0.035394571192732,-0.3013365117220509,-0.0974983928416979,0.2309855593269082,0.4488535732041648,0.0723617678055276,0.0556716410564847,0.186793472312907,0.0756774832387805,0.0944915315486582,-0.0160000906806045,-0.1172274524275709,-0.2763696473458843,1.6588738558567295,0.139507922112952,0.0231034627779025,0.0231034627779025,0.1884421706036917,0.9067357302134448,0.0231034627779025,-0.3311403976827199,0.0231034627779025,0.0231034627779025,0.0902328596892747,-0.1020965063668697,-2.5613719600880214,-1.2624994991285123,0.0231034627779025,0.040117811423566,-0.5029186165537742,0.5240535359138155,0.7213646954178448,-1.1
2020-12-31,-0.5346250133417828,-0.4177944399520732,-0.2652810250892737,0.0062273787003458,-0.1408110984883025,-0.4012235778499835,-0.2196309076109678,-0.0910151017849247,-0.4708534574297731,-0.4401310069158409,-0.4340992659564159,-0.286375085441846,-0.3741238479130053,-0.2087362930172546,-0.7400992585313898,-0.2033587190186691,-0.2493187504799212,-0.29372968857361,-0.3257486414020443,-0.286959409672657,-0.4273105202516066,-0.3620510513660383,-0.4459667174450229,-0.4019190545389607,-0.7762973341986938,-0.0074116210277071,-0.2200207567407197,-0.6547123006585726,-0.1667362208119552,-0.3133271177212881,-0.4723174106668603,0.1148175192139671,-0.119795912188782,-0.2642654767381883,-0.5333785464898996,-0.2591230918204121,-0.3839675273173453,-0.4053300134510137,-0.6444072217171043,-0.2070069216067015,-1.110930373579495,-0.4773804920566882,-0.8431287324272254,-0.5229304106482376,-0.6279380885898065,-0.4191979642496916,-0.5918031557131396,-0.4803232535678888,-0.2721536555715083,-0.2014809096974971,-0.2344544674340811,-0.3411569736025803,-0.2584734924389585,-0.3435395968058706,-0.4997330377793293,-0.2709662745556145,-0.3665805782071088,-0.1454520408345427,-0.9528318492833228,-0.374571317076802,-0.3937124957106365,-0.391211331135806,-0.6032673820160291,-0.5937983150117407,-0.2290581564231439,-0.3412192648853102,-0.2752796378306008,-0.1863807823907931,-0.5827956065823455,-0.5213414843723982,-0.086368714583809,-0.6162326837659069,-0.3251595408531748,-0.4257307446829541,-0.4277095270155389,-0.237765041701264,-0.2442095065298009,-0.4166321591490885,-0.2424545586124424,-0.2032795728432336,-0.3103567464118829,-0.1939762494178089,-0.2320560829730014,-0.4570819160909031,-0.8718718397029213,-0.2482994569949451,-0.3143693662879946,-0.4552170395904994,-0.1690719497328807,-0.1142475632236923,-0.6277892079704783,-0.5939699475547383,-0.5100645122182265,-0.7148458240980043,-0.5439010000306759,-0.1385410951777191,-0.1000839712194711,-0.3354493512918417,-0.103599501301464,-0.3467517926617051,-0.233799244389176,-0.2696166503474578,-0.2861838686475954,0.131496898493929,-0.4644523392993007,-0.2089194736458141,-0.2776097836343362,-0.6733666145580227,-0.4020844782371834,0.3402995859983661,-0.4172276336962778,-1.0457247768027769,-0.3841249935406527,-0.3385300665759676,-0.34396101242919,-0.5174703040399282,-0.4853339461164326,-0.409451276580819,-0.3354515182629515,-0.3724769362460187,-0.6344624071084065,-0.2209157807698531,-0.455059758492962,-0.4388224779194238,-0.6480449591747404,-0.5789204120302426,-0.682927167581997,-0.2975301093798096,-0.8939604956815027,-0.168297479623036,-0.2574793198584387,0.8857888796828775,-0.1803273605452628,-0.3812494084496079,-0.3027227655059714,-0.2076815164093234,-0.3341413860560556,-0.5271583784064168,-0.4240020198408799,-0.6001190991441946,-0.6791069588815074,-0.1971784944945474,-0.34396101242919,-0.34396101242919,-0.4035005843642867,-0.621723928786438,-0.6989702829554407,-0.34396101242919,-0.34396101242919,-0.34396101242919,-0.2782753711624143,-0.6323140728555062,-3.811345569722609,-1.427819416053074,-0.34396101242919,-0.5581077585518907,-0.6616219193395553,-0.4162986224682415,-0.34396101242919,-0.5
2021-03-31,-0.8307310133735636,-0.794940857701151,-0.834617580256057,-0.3835621595634143,-0.6312367682857182,-0.9236987353659806,-1.0649240525098531,-0.6444681840475213,-0.6847257487853977,-0.714430987060308,-0.9299408702353686,-0.8258343060606315,-0.7859961474090669,-0.6422527977092685,-1.2213422152148374,-0.8651844334182559,-0.5181947688435877,-0.6951027146612738,-0.809361406434099,-0.8030298030285269,-0.7807978949048431,-0.8091723488685886,-0.8376895166633176,-0.7710393397394183,-0.7046291213956807,-2.1019175663907914,-0.6633871383895441,-0.998308550328868,-0.5663692834266933,-0.7466598026819441,-0.7861952340843292,-0.228623676051234,-0.5746037148328096,-0.8781870487461909,-0.9080752497114024,-0.7376625236852068,-0.7533458313469399,-0.6780561171404061,-0.8049579291994189,-0.6588555769201011,-1.1043557224016256,-0.7900388060946733,-1.209257459410396,-0.9192720177646568,-1.0478174192008385,-0.6809796928300714,-1.0548395365639929,-0.879948253338979,-0.6656712379974036,-0.6269812173859521,-1.3314812684087705,-0.6569780905515084,-0.930565621683374,-0.6932368876912732,-0.867437113562848,-0.7864039108655716,-0.9322888510750128,-0.7879675556329583,-1.0800236864022337,-0.7564638921179385,-0.7573012427819544,-0.7747811860456998,-0.8936929489748449,-1.3482177077543511,-0.8062002677955287,-0.4309582350792371,-0.8612997255446301,-0.6775015702834251,-0.7837945445078988,-0.859975112985131,-0.3542572767319764,-0.929259405274194,-0.7601185573366359,-0.9018643500805674,-0.886659792895335,-1.2129444599352632,-1.001185996031992,-0.7143831847051637,-0.6788079958804748,-0.6897316711347858,-0.5844369437538222,-0.5119988991893525,-0.6556786106321314,-0.8459142270298204,-0.8760992794186718,-0.7137704428429282,-0.6242144143902579,-0.7766385273219072,-0.6803275788300411,-0.6669736971190869,-0.6886378559079744,-0.79336083648329,-0.5656713685176031,-0.6582180427476855,-0.7599466779951606,-0.5342987791894195,-0.7729791920411859,-0.6660415316529845,-0.6061491357338257,-0.7937515508027695,-1.0623782586505073,-1.165252775890655,-0.6303939774237263,-0.4130925406687486,-0.9126044272401984,-0.4738095448629916,-0.9011495541695363,-1.017534459325993,-0.8175293727703647,-0.0420112441231191,-0.8730790044007175,-1.060469485941194,-0.6495360290900946,-0.7449844325383187,-0.8459932809216453,-0.8323677512621901,-0.7994196218800267,-0.6772876731204759,-0.7148168124616178,-0.7966857546858132,-0.9264420488555736,-0.575238553198328,-0.7683048646661617,-0.4980124203062637,-0.6800700853669738,-0.97121956068429,-0.8963387889591586,-0.8591399791588313,-1.0791823853046614,-0.6454631508541812,-0.5815991575561476,-0.7150883784615326,-0.6363857619094595,-0.495289517450775,-0.7445213372495266,-0.7318050436254686,-0.8988076667364571,-0.7651757162917903,-0.8150897567481928,-1.4399010074305234,-1.4934777006476403,-0.6572327961253771,-0.8459932809216453,-0.8459932809216453,-0.8504202736346738,-1.6543355509067803,-0.8459932809216453,-0.8459932809216453,-0.8459932809216453,-0.8459932809216453,-0.5995158066968315,-0.906509092086054,-2.5981800557729144,-1.3759495037046632,-0.8459932809216453,-0.6228451790992692,-0.5134079412913719,-1.904222838966912,-2.330289849197609,5.2
2021-06-30,-1.1979843451799626,-1.2152517837349708,-1.2385042215406812,-1.1032984923274234,-1.1717823591066598,-1.4187453212258876,-1.5504153490475734,-1.1867929967818958,-1.072844719521887,-1.125863603997486,-1.2411814822307232,-1.3163633616578112,-1.3821221324637365,-1.158506818792081,-1.3907001651226971,-1.248601896855838,-0.8975742513976684,-1.0705927394696853,-1.2362061489400544,-1.3248000620677836,-1.310990504460281,-1.2359320944369174,-1.2168729307670818,-1.2129327817057822,-0.9739054396906688,-1.3518621834189413,-1.2251147127948463,-1.2797112226984146,-1.1868592237325857,-1.1450595363327527,-1.3701745950394235,-0.9482838142002454,-1.1641913503405743,-1.3226967296757206,-1.3084382467193822,-1.2522715344354725,-1.1311497303215068,-0.7745000634430392,-1.0902566431310206,-1.185781877609155,-1.0920066788631195,-1.1597988796333392,-1.2326505678402564,-0.7831450271328658,-1.4770682172660716,-0.8946406209099886,-1.3267432904377223,-0.9189563681547596,-1.072419165067965,-1.1450846779438169,-1.614242865501367,-1.2188635814725082,-1.21512239906246,-1.1364693162442892,-1.1453678549293609,-1.2567156804397477,-1.2039543407693651,-1.2139147673638746,-1.1501060637195375,-1.2566131564374248,-1.1226159486406206,-1.1624803615181496,-1.057160606538918,-1.7673491969347974,-1.3428801492063498,-0.893046248176417,-1.3483800803589845,-1.2745196154034917,-1.0531422442360123,-1.375592851776516,-0.9484110605893158,-1.0265815349645768,-1.2848527545348143,-1.205379816587699,-1.2795011540135135,-1.3712304146265617,-1.3809667413636444,-1.0766965983669228,-1.174400606836382,-1.2818059660737662,-1.158851445177001,-1.014792274474536,-1.1019140198811723,-1.1502872924245455,-1.0871079552151357,-1.3115885837104868,-1.0965494035355283,-1.136194709884929,-1.1933307144978549,-1.213206810152878,-0.967856841901093,-1.0379292008991057,-0.6939635135961845,-1.1704279328269804,-1.19661372788934,-0.9213333236747244,-1.3310237726656795,-0.9630489863349612,-1.1119404159523034,-1.1668560701007578,-1.4413585990625852,-1.4892643300843296,-1.1138059915437566,-0.9420995907157784,-1.4065186534607104,-0.8110325683086301,-1.186032740434196,-1.411349022703404,-1.2727815578765336,-0.6613607922577086,-1.221921138301579,-1.2826524754556254,-1.1632407178948028,-1.0444428311908989,-1.374840300861131,-1.0538910534796713,-1.247943447584235,-1.1983918007134755,-1.1716208097904426,-1.1231118419200743,-1.202658215390758,-0.3190836059803607,-1.1742701970058955,-0.9998319951749568,-1.0399263616605383,-1.2114984286813022,-1.2285869258737985,-1.0912565199150266,-1.1143224231107398,-0.7334636692390281,-1.1093639214035504,-0.4661809713444315,-1.1688399551858693,-1.1297930311287965,-1.1723245887361242,-1.0853744036543995,-1.4566157504170696,-1.416282530670186,-0.997760918405549,-1.390411241515051,-2.1353008957856194,-1.449421134754906,-1.374840300861131,-1.374840300861131,-1.6461406104069691,-1.162115615779371,-1.374840300861131,-1.374840300861131,-1.374840300861131,-1.374840300861131,-1.1012688715085217,-1.231798630969456,-0.902531504880601,0.3365299486131687,-1.374840300861131,-0.8049089832389351,-0.0263582361413458,-2.273670456989166,-3.7710804601879286,13.2
2021-09-30,-1.8002996647458158,-1.723106052654128,-1.6760634533758298,-1.611594649648405,-1.5892703990006185,-1.687398862534805,-1.8870822048293647,-1.553454296753266,-1.7937151387256067,-1.8639392534807837,-1.7970087588907282,-1.7800913919639687,-2.130864742188943,-1.8015384134596035,-1.7938375753788944,-1.5174149504641117,-1.4708614910954791,-1.6555768900213446,-1.7239609794216035,-1.7134289087011658,-1.754860643414151,-1.6478095794141554,-1.8707036191430315,-1.81618594175922,-1.7821408216826868,-1.5114651530973555,-1.788361407077996,-1.922649613845876,-1.710930846268388,-1.532120466690146,-1.7964477061317436,-1.598289548762567,-1.5644665651770058,-1.7059024616385865,-1.885169811572637,-1.6801725953227624,-1.7204427323737308,-1.5243495621833074,-1.7709836866390618,-1.6190035813938906,-2.084703709615312,-1.9961026260736447,-1.7854075603026014,-1.7216045476332378,-1.900821767907917,-1.9065104674474311,-1.7923255148273705,-1.933685143333118,-1.6799174416684202,-1.700988116831221,-1.8215649631497333,-1.700439472089953,-1.5573827640670774,-1.7237898718925733,-1.906131703878968,-1.5818627154050175,-1.668955405976993,-1.5026253971045844,-1.947796466109441,-1.8116399679863568,-1.4906355022849362,-1.715414856670422,-1.9303169982590231,-1.649839142865564,-1.832566936947592,-1.56970844397985,-1.6781148484331874,-1.710068949563882,-1.7923906959880485,-1.7723447626128166,-1.5649249823207745,-1.1684814746607122,-1.703140073818635,-1.7059763321273511,-1.9842417263668417,-1.3503311482894156,-1.7023375005174586,-1.5860884073128263,-1.6331918156653873,-1.6398257501474118,-2.1099442725152326,-1.6297271558638116,-1.6487432655214858,-1.5025668082916113,-2.1255555568043394,-1.8341561866646956,-1.6983201364037466,-1.756713615276555,-1.525848166817014,-1.8718846260254625,-1.9214427049198688,-1.926685840328897,-1.5023050725131726,-1.7933553441140828,-1.7525326063473787,-1.4678951906058797,-1.7247037494702118,-1.7403319941313005,-1.4773877179406898,-1.641064157754279,-1.8919319354112396,-1.938091112957812,-1.62278772639264,-1.5002472933105,-1.7799452572377608,-0.8834263913823268,-1.5876412535732989,-2.284920318450853,-1.8497024563425368,-1.5181405096286853,-1.6954471504573034,-2.259862990013749,-1.7802400239880205,-1.5955518833340716,-1.8358041475202675,-1.6249160166250145,-1.8008606501751434,-1.7224956069324606,-1.692206494597137,-1.629974294519995,-1.932761664951946,-1.0186908639954586,-1.839026365844436,-1.811342528282637,-1.86914492370483,-1.863013943267973,-1.8659944676989024,-1.6547104419599974,-1.9996605130443887,-1.3479191081859432,-1.8072837146735368,-1.6903912299517383,-1.8787376252469128,-1.7208226483362348,-1.9860078146903135,-1.4573513582123032,-1.841194671845325,-2.09663714515684,-1.567330804720624,-1.893063048826144,-2.7848774455365057,-1.8170764831984567,-1.8358041475202675,-1.8358041475202675,-2.0627476027534324,-2.71943641495581,-1.476080941010252,-1.8358041475202675,-1.4896649421102472,-1.480794876994017,-1.6709049742946571,-2.092816209087898,2.077779673773901,-1.3899557320290663,-1.8358041475202675,-1.6239148695378365,-3.071442820611371,-2.4695160009676624,-2.5445171909625226,-2.1
2021-12-31,-2.045736117012634,-2.249068827670509,-2.004313534286914,-2.142128794324071,-2.0368164764802863,-2.012908177061742,-2.232733730301065,-2.132280083952756,-1.8805688075764004,-2.033711352482876,-2.2357891845598834,-2.2995454741066195,-2.2482378257806745,-2.15035835851696,-1.9812043208247063,-2.170457836001633,-2.0363486614578035,-1.8742700536748496,-2.104298348837529,-2.0882420571894977,-2.047960751553169,-2.073410150433748,-2.23191849312079,-2.159440442890294,-1.422549334967829,-2.2132119383583504,-2.149082956274128,-2.0682252010781337,-2.062957796288908,-2.170348871660685,-2.0363518069380984,-2.0706971636088736,-2.1595917136504514,-2.245949329745513,-2.1012522185501274,-2.122775402002865,-1.9577665606609516,-1.976689137349651,-1.8382167660967907,-2.095879953893661,-1.8547468045283269,-2.130800367829036,-1.8793921098643207,-1.9907116741959312,-2.1350808032889854,-2.125688602518077,-1.9210344934505743,-2.076394216614798,-1.8700127285471448,-2.214434560211994,-2.2365160709328773,-2.0883524619741576,-2.1312734174890013,-2.0112187387083837,-2.1455674825603364,-2.0809504515701813,-2.1230455449084937,-2.063658847864683,-1.78355086002003,-2.1939641774398457,-1.9439512135028,-2.042234842769627,-1.7341827787953494,-2.597907074251693,-2.3637788568902867,-1.9733213645441168,-2.1570594387727207,-2.1951284950069136,-1.8896441603472385,-2.0324654298824565,-2.0102254515947324,-1.5684198753270229,-2.1590578953459296,-2.0454878032416817,-2.182749725672473,-2.156326604904429,-2.301179368944371,-1.8321937934666752,-2.0241697293828342,-1.8705283646509017,-2.2215963269431342,-2.091754045820436,-1.9770133083527972,-1.9330047814072748,-1.7168388262211196,-2.231777247298261,-1.9786728963623827,-1.9906442939108024,-2.1151239869962546,-2.060849595562685,-2.150213506980404,-2.125080170160856,-1.7933492762978316,-1.9953690855781407,-2.1724839219769168,-2.006579821804769,-2.2337718217538582,-2.0489585206297787,-2.157867357560695,-2.041328790063994,-2.5823245315985632,-2.663219593984773,-2.0418108142892284,-1.9632542151579493,-2.2090334220747567,-1.8851124078696715,-2.148806095164334,-2.6120386371766786,-2.108507131767828,-2.1073525126677946,-2.074772827721361,-1.84504178642656,-2.010697385145324,-1.9688646802587475,-2.198557132020233,-1.868457716457064,-2.0386933340001683,-1.919690118831141,-2.070464712614012,-2.02327466505072,-2.019702391874911,-1.7708723885554616,-1.8685990330160336,-1.9762340719557263,-1.636758739082092,-2.026386215058501,-1.9099090971382064,-2.067225600432832,-1.72266321436109,-2.113459235919924,-2.109524112943234,-2.76846770786499,-2.308305635230113,-1.859208889332668,-2.308622461828731,-2.0312727771110968,-2.286273738719242,-1.9597305901188755,-2.0434885349565013,-2.3253489542895265,-1.5014064019871367,-2.278201702429652,-2.198557132020233,-2.198557132020233,-2.1893032411705797,-1.9052127607748448,-2.198557132020233,-2.198557132020233,-2.198557132020233,-2.198557132020233,-2.101541930147988,-5.492629286371632,1.0124860251455108,-1.6760505794873166,-1.8435478614939824,-1.8239623297728675,-1.8605134544739144,-2.0373747377225317,-1.87716691834694,2.7
2022-03-31,-2.0106052896741704,-2.0846952139716377,-2.1087245395461105,-2.2698371055928277,-2.0550928580639445,-2.161277904032502,-2.158111388316928,-2.256513104227362,-1.9988983340283075,-2.1465473475487125,-2.194900891924863,-2.1966394657891315,-2.3708530613579466,-2.2779466716661663,-1.7722012161514844,-2.2550214838130223,-2.074304879877705,-2.009593047339297,-2.008722580450279,-1.997481985332033,-1.996820917569443,-1.9784025109126768,-2.0074701084342137,-2.1523221122590064,-2.131788788233929,-0.8680406152661883,-2.17001786002478,-1.856971867347349,-2.1895838754093853,-1.700687678651524,-2.132139222239903,-2.142901412496867,-2.0395997691101035,-2.1701756572742483,-1.9493378770509544,-2.0238290839138378,-2.09900185120846,-2.140251110911019,-1.9168087914553664,-2.075405400477156,-1.8062306461384736,-2.091854790992665,-2.073033661980693,-1.9598095435812224,-1.8091935625310516,-2.0913112360874964,-1.6219183622637383,-1.9449768630161304,-2.113434522813829,-1.9692213370713387,-1.586059881241135,-1.9026784756407824,-2.1051614646329915,-1.7938122016042248,-1.99711635904258,-1.8717053677097224,-2.228562928062689,-1.994402052568471,-1.9585543392816045,-2.263878495547467,-1.930849307308993,-1.9650325021934203,-1.9138316479233624,-2.2023773611061714,-2.2817912803743594,-2.2896392783057067,-2.178206338265868,-2.0918474611514126,-2.1216931522102978,-2.1551394218117417,-2.1466380477099065,-1.2273554561325428,-2.308553218492253,-1.9323454577578671,-2.131355055658295,-2.10355972175024,-2.1073632618467326,-2.0488656859978214,-2.168313536670823,-2.0858786965600173,-2.369916459684259,-2.2183715275794693,-2.1379801444898034,-1.9869415035065816,-2.064738528194916,-2.199432841424161,-1.886744037309964,-2.1334508004579176,-2.1140115138261453,-1.9533116977214264,-2.2846835020473573,-2.0841788973306508,-2.3447861879703797,-2.208211154277184,-2.3897016194782146,-2.0288769284700616,-2.11717020821602,-2.186738990968053,-2.324376748680069,-2.0633423161888444,-2.3413682235812967,-2.227415441209282,-2.1361291907579103,-2.1480215610605047,-2.170737624906522,-2.280764008288329,-1.98163814244392,-2.2401840325851587,-2.0633693208985537,-2.120370608062523,-1.868160910866859,-1.7395804417494172,-2.235916873927776,-2.181953175451168,-2.396134505541545,-1.9833404578186988,-1.857211156743006,-2.1121666327564745,-2.1466074367228773,-2.0953941851995705,-2.212903519078635,-2.378930952932723,-2.172752938665689,-2.1648998374308417,-1.9860081183579972,-2.1306105690871706,-1.993810214416076,-2.059182346259835,-1.894990959253742,-1.9837656141709263,-2.209248025951487,-2.190078452971752,-2.2800053841701566,-2.0928799550988737,-2.214497297400544,-2.0438011966015392,-2.0507096521157133,-2.25690840562179,-2.230581258626612,-1.976439406313676,0.5878078756665306,-2.497048260323248,-2.0851305618619644,-0.3734395056867258,-2.052079133345256,1.5577595642510529,-2.396134505541545,-2.396134505541545,-1.4476090213167008,-2.396134505541545,-2.252370841510696,-5.584153735894052,-4.95165764285049,-1.6047104256338387,-2.396134505541545,-2.619592113680337,-2.37272957932542,-1.7453252732515565,0.1006867927839688,-0.7
2022-06-30,-1.9935625432636053,-2.115193861278144,-2.0874556273253217,-2.3585806470329773,-2.154864894975783,-2.216977516109826,-2.3194155331851536,-2.4138253397418032,-2.073265328793784,-2.087185565512468,-2.17092625200014,-2.265535694439876,-2.4412635311446733,-2.180176617821926,-1.8818237863388587,-2.3801768882893524,-2.111735289091546,-2.180965520661013,-2.0182808947282136,-1.9193635304594376,-1.993110905177012,-2.0029412581411705,-2.052893513568239,-2.142633983655034,-2.047689948826033,-1.0912210774370632,-2.220201823734472,-2.0250014621455064,-2.275317326487499,-1.7683771452784225,-2.154361947575916,-2.39341728740117,-2.158928462352817,-2.235794575904605,-1.9408118922731024,-2.0857942859627614,-2.2446760755079445,-2.3741910167312543,-1.8631058828589555,-2.1376283321673637,-2.108026944284046,-2.1498445747065222,-2.2934706338933184,-2.1619750411879397,-1.83751009991436,-1.812322062970075,-1.7494947055183423,-1.693847568597541,-2.22352483444967,-2.142907503531096,-1.3641343708554,-2.02390501654566,-2.2387118812062603,-1.3520578252086035,-2.0734683244277274,-1.9906440535682408,-2.2704870377810424,-2.0951849515486893,-1.56330022485112,-2.225090909249736,-2.014660459509756,-1.8458412995466615,-2.5188766792972794,-1.8636219835832588,-2.339965121182299,-2.479017756649747,-2.289610418310254,-2.231396040505102,-2.1122906062679885,-2.14779593005484,-2.3516613595494444,-0.9366241424669342,-2.3251581861874757,-1.7499534977487785,-2.052008169217149,-2.373906061879916,-2.2206114415588,-2.116909134705111,-2.2610825487844184,-2.1817376129419737,-2.243806394303858,-2.3588754823729365,-2.295450259261479,-2.120239938303936,-1.950481430069215,-2.0975311533715555,-1.7632917795811052,-2.3019817497446318,-2.2410697107179782,-1.736142074939253,-2.0651055797149174,-1.884649134176701,-2.5829363916718315,-2.116693873600865,-2.343166371592069,-2.123136769911588,-2.3681499898766445,-2.4098002686963658,-2.4162426744310714,-2.17558774528161,-2.251568971699515,-2.2248667777219966,-2.246772259435516,-2.246158408414884,-2.224397872369824,-2.520700858709986,-2.115990655633786,-2.33444800402601,-2.12191594025836,-2.1317816749897243,-1.853561057205674,-1.2791898864701965,-2.301252024856528,-2.328109800940384,-2.351564210571654,-2.0697681256804112,-1.5817218002468652,-2.1716444273354547,-2.1285251938571985,-2.209801330210773,-2.216971017093939,-1.892369421821209,-2.2161362356351173,-2.154554811755597,-1.946108216511736,-2.0102411376949982,-2.08551618833836,-2.177247405561223,-1.847312150966488,-2.105272509396195,-2.383566646539016,-2.538474488940161,-2.278626246247004,-2.056599029816359,-2.2134325871716305,-2.3393709984659514,-2.1267076331931114,-1.9343239968062491,-2.50928843692098,-2.259794689575088,0.7993146343639583,-2.4399921388654198,-2.351564210571654,-0.7852819166088825,-1.983951729839954,2.08291714619186,-2.351564210571654,-2.351564210571654,-0.190352667614654,-2.351564210571654,-2.3585225577771327,-5.838813630414094,-6.43371022861756,-1.562621433255463,-2.351564210571654,-2.858496924241796,-2.388063459801548,-1.560603362553066,1.0022693510362817,-5.3
2022-09-30,-1.7114565405709965,-1.885992076736128,-1.8534375612072795,-2.1348927683380703,-1.8317566047171143,-1.871261948782089,-1.8369468002876208,-2.147290434845816,-1.8573413034450788,-1.831919103529245,-1.5612848071830308,-1.9871304630228128,-2.112010396696043,-1.8392232877601944,-1.4014542890032011,-1.9549985574570037,-1.9100290813916097,-2.0170460641953745,-1.7230191438956728,-1.701758736561743,-1.7453280114898202,-1.7085566063087063,-1.7077946594942957,-1.877764104926404,-1.9394326482128252,-0.807199228324599,-1.9922307736472264,-1.7719253786873492,-2.111256876775496,-1.5349465456649074,-1.9749194149712104,-2.2558166885205067,-1.8707007063860144,-1.933242508805128,-1.662731541790387,-1.8031793558877665,-2.013965874864918,-2.1851717721893804,-1.6174214043314596,-1.9403811468785304,-1.605352855897089,-1.8331648502989948,-1.887252487633989,-1.809333968234612,-1.5893673445034,-1.5614849441369272,-1.4678596517488876,-1.2841287482570716,-1.8717557278269703,-1.926965676114658,-1.2801393687494818,-1.635331298028959,-1.991824450832432,-1.0671708369777957,-1.6713718995773057,-1.71783124730561,-1.9992838239626989,-1.8847556782795607,-1.247815521352622,-1.9214686833881056,-1.8421729480119544,-1.6742397269332447,-1.6396245773401728,-1.7201462219381962,-1.9113671509962264,-2.243430697492616,-1.985374747872874,-1.869325571823236,-1.7716454693047996,-1.918246007917122,-2.205731840350785,-0.8955463560507098,-2.0460920072452096,-1.255502148338028,-1.815981977925874,-2.187647215604577,-1.928958171721925,-1.858059681010087,-2.036387229528236,-1.8354602437764589,-2.089499464424118,-2.0968394847081666,-2.064352371956696,-2.05195653349819,-1.539398269960064,-1.8765231260395072,-1.636164788056534,-1.9695973504482664,-1.8910457353384384,-1.600767513276153,-1.766418686093561,-1.5836667881040931,-2.1268417631543035,-1.7931696475269896,-2.0640935744871083,-1.9874672893169232,-2.1293448076544768,-2.023749885594381,-2.146289965030338,-1.9670685085280508,-2.117681313166439,-2.016162898711653,-2.0369780803034847,-2.0660795756739003,-1.995677683612249,-2.748099165496217,-1.844338642328602,-1.986165342757334,-1.837248488160814,-1.7774310634600288,-1.497440189094561,-0.4665736323294989,-2.0620252968610258,-2.0887804346517624,-1.7091313087092763,-1.7843623501959884,-1.3851452755090483,-1.8896557740058768,-1.921386678173735,-1.8367643791323631,-1.8691333807435595,-1.870498706390416,-1.8108839015421063,-1.9700688528843968,-1.642199534000517,-1.5468597932881936,-1.737093522656026,-1.885393939856543,-1.4074296886365216,-1.4811785263620214,-2.200683024676348,-2.498568990281023,-2.0881526924534906,-1.562289500846514,-2.000211248730441,-2.0393900139337617,-1.750212183981401,-1.784874396822374,-1.912790017559664,-1.7307123789276002,0.0477659182924952,-2.177373519296217,-2.064140579235527,0.7533618742398106,-1.8557164642067423,3.064223990541673,-2.4238637857455427,-1.7687319517067468,-0.8493528471656806,-2.419149849761778,-2.0508919165422,-5.746571329037024,-5.977724400529696,-1.254923616154283,-2.064140579235527,-2.381688200336057,-0.2935181433542361,-1.8209847618367625,1.244371185435789,-11.1
2022-12-31,-1.190257932997692,-1.4674072286764526,-1.411468878695417,-1.5286576204954672,-1.3096439050500517,-1.370101906754632,-1.3249905780152318,-1.6481495697028683,-1.4895075827613975,-1.4431762408583866,-0.7425889832161848,-1.4332067421691848,-1.6223675237373372,-1.519181575633374,-1.132716239253067,-1.4232111002386734,-1.3394302148684043,-1.6927473189791846,-1.3239530461001463,-1.3327492284815703,-1.254964651781881,-1.2800865119153302,-1.1439371238787512,-1.3973956589552183,-1.8671809321650008,-1.2841077622776993,-1.3696844069279674,-1.2667523867244186,-1.5075704101563792,-1.1936108803713676,-1.6174105799143237,-1.7493198382015671,-1.260801795372489,-1.437942393678879,-1.153560849738072,-1.3167987964583756,-1.6480684658073044,-1.5779774674992129,-1.3147574127266604,-1.4246388826686502,-1.2532939609877474,-1.3718816967458147,-1.439757298950768,-1.2163296353170876,-1.0205095494892278,-1.2474149906575358,-1.063399850838887,-1.3983288107301566,-1.5386936802631443,-1.356885624973614,-0.8915837086598225,-1.1203298736867298,-1.4577389866127357,-1.0949536922251817,-1.220177614547627,-1.14971299905998,-1.4664506969897793,-1.3211962453549897,-1.0003800573092758,-1.4561161669505158,-1.439554408273268,-1.257290169727688,-1.2900021900952117,-1.3602308380198898,-1.4151775656754202,-1.7614684681122346,-1.4988571124928274,-1.2171997638204115,-1.334992481076644,-1.4210438295757066,-1.731726158295282,-1.0695577271097436,-1.543434035075376,-1.083672064959646,-1.4361750175165082,-1.4821315947369706,-1.3549968699589257,-1.445067179351396,-1.5421648126379846,-1.381555341561724,-1.5303815158351275,-1.6062998866699358,-1.6571441845139128,-1.403311536010373,-1.4955416555413,-1.351484105912409,-1.3549010724440118,-1.495524013643768,-1.3892816536883523,-1.2600837764155846,-1.3177222864620304,-1.1605768728763113,-1.8133259683580367,-1.3508308016942556,-1.5873225131743196,-1.4967663603328534,-1.5482284011373113,-1.5371893966186485,-1.660883484645262,-1.4422019553031145,-1.6835135329105644,-1.506654321031422,-1.5082511523661926,-2.0647963228063926,-1.487299202850127,-1.6454406786199782,-1.138442632026686,-1.5426179969011042,-1.3116227433604488,-1.436892163153526,-1.0750585569845712,-0.6596356805894671,-1.6665736110810196,-1.5817332113815514,-1.5946014878865664,-1.4591355179593513,-0.9751802674837968,-1.532389482995295,-1.4817414434169582,-1.3012215730011372,-1.5327147150738163,-1.2151600215267977,-1.5797489157361906,-1.4836734598828596,-1.4401504305466188,-1.1584590358867268,-1.402255782077001,-1.4999743929244356,-1.3011648169341845,-0.8176887033883591,-1.6529241191212865,-2.028611928476816,-1.4265704354424744,-1.4931258230897508,-1.517446523151583,-1.379956695197369,-1.240684896353352,-1.6612899821476164,-1.241856972780464,-1.6343710670956413,-0.8657861232607195,-1.6756222688813138,-1.5946014878865664,-1.0966098958594683,-1.3750396003943934,2.989906729734778,-1.5946014878865664,-1.5946014878865664,-1.290659663380303,-1.5946014878865664,-1.5933670148583872,-1.5203311018835906,-4.5866671710833,-1.1033645137409342,-1.949610758412817,-2.015486418981556,-1.4507482779479726,-1.1339482252431612,2.426406320837628,-12.4
2023-03-31,-0.957133674654546,-1.1093941335585442,-0.9505664076591204,-1.215238988892697,-1.0187257518921984,-0.949649369472936,-1.0664015899691073,-1.1815202228956887,-1.1792400719615228,-1.0810936134368,-0.5560342177244313,-1.1467680506915416,-1.1782233317831907,-1.1293528366997647,-1.037627838627098,-1.0707673429644649,-1.116383073566844,-1.3101467445523258,-1.1338011137834014,-1.1308168051133871,-1.0896115052335178,-1.0435021358693162,-1.0580085645700523,-1.1540496347391846,-1.238281123409403,-0.6294133678068091,-1.119368088696976,-1.328588326428419,-1.1127840479225517,-1.1961079636566505,-1.1203926267179214,-1.506684699808846,-0.7888143533177913,-1.0923719995692192,-1.0332543627954522,-1.0261362359284871,-1.254821884195167,-1.2298147887221356,-1.0538794916030807,-1.134729730612652,-1.1143505121136306,-1.1113056263986012,-1.030564750539913,-0.9782398005211188,-1.0690748094981937,-0.9657640124901138,-0.9703342862127856,-1.1005544094720483,-1.0087305612791364,-1.3192894143408165,-1.2061640308268489,-1.0280905644805582,-1.141977608054319,-1.1151764463756302,-0.9667946876688523,-1.0414282696524373,-0.8929521887645071,-1.048048161262407,-0.7018775643933798,-1.0887241868317887,-1.1441059231632618,-0.8773220625513785,-0.8579155566689345,-0.9326223286146916,-1.0430362166853564,-1.2454580780355775,-1.1250298054296293,-1.0812530437331191,-0.991263131889069,-1.023691938758873,-1.3802894995726502,-1.1878380493877962,-1.108970777367367,-0.9495078410428918,-1.1542188412006398,-1.108835730333775,-1.0915398614761274,-1.0359280581100625,-1.2158862119769234,-1.2715242907957556,-1.1581259572675622,-1.217347079459813,-1.2312776579354063,-1.062329513269988,-1.0829386381058783,-1.0489479134160715,-1.3335236402264707,-1.0871955198484586,-1.0118053187667977,-0.9400160155538873,-1.0209794416650746,-0.964138684947912,-1.1546492445910244,-1.1422429505496547,-0.9936643804812544,-1.1708296195780574,-1.2301047127004876,-1.106080669315164,-1.066158008987084,-1.1025571696340903,-1.2930390519230888,-1.254502091912289,-1.128968133843652,-1.6108654171165069,-1.190080426059542,-1.168306029723193,-0.965176127159504,-0.6860114741523156,-1.133334163221284,-1.134814456032989,-0.9239159337410948,-0.7515098968147503,-1.2509063148503083,-1.1351335815350792,-1.0690746571343026,-1.1099546056475365,-0.8435121683037748,-1.096722661943755,-1.1076331958420482,-1.023538136552598,-1.075115996967799,-0.926373685796672,-1.200618830079447,-1.176265856984982,-1.131213165758309,-0.9092061466983394,-1.0839480003800344,-1.211483314533384,-1.0173950140745172,-0.7521957308763745,-1.287653042694715,-0.9904037979476984,-1.164676517756976,-1.1507942838300662,-1.2639320332383144,-1.1405687388107697,-1.0042762839954449,-1.2072290286619525,-1.1302074269676312,-1.5829371034116682,-2.311938644495408,-1.1918541045565596,-1.3800786008138834,-2.3911732121275007,-1.119345588215699,-0.2595697601053492,-1.0690746571343026,-1.0690746571343026,-1.0895946646412396,-1.0690746571343026,-1.0965875565342516,-0.5437521220205308,-1.0690746571343026,-0.7205894739475023,-1.0690746571343026,-0.9549014694696152,-1.6935618329932134,-1.4524582054067368,-0.4557352882369354,-10.7
2023-06-30,-0.5577488536055939,-0.7785281108341369,-0.6176716646002819,-0.6855739012275547,-0.4780774125997249,-0.4361000961604613,-0.4838900072980288,-0.6749262485636952,-0.5559503322171303,-0.5974371937301548,-0.0638238667248705,-0.6326591872214556,-0.5669902388099096,-0.6378645127151554,-0.5252003919931543,-0.6303914153791202,-0.6425680459929879,-0.7928650802360105,-0.750359006294675,-0.6792656120293776,-0.6680792926639442,-0.7118282014420039,-0.6129040465349854,-0.6416081948742043,-0.6072102712769504,-1.029274175933915,-0.611475850861802,-0.6235832526559422,-0.6359963841681792,-0.9406927236580364,-0.6682850711406918,-0.6036903499700901,-0.2668387245805685,-0.7022986060110543,-0.6027255030373371,-0.5752674058876072,-0.7196726949111577,-0.7492471706136368,-0.7766144215615078,-0.6175339841325553,-0.2832816927102304,-0.5471757579823477,-0.3632635244162318,-0.4592337538964642,-0.6846577083579649,-0.6924047689478813,-0.6224428314754797,-1.0655860892290887,-0.5203237964676768,-0.7244859667191079,-1.182020507644931,-0.6102025859043478,-0.7357642804668593,-1.311961615993804,-0.5726875621276188,-0.6429330668657456,-0.5000870967443102,-0.7192696228267798,-0.6749101738572303,-0.6829630496292892,-0.7057852147621237,-0.550380974702664,0.0560613252280732,-1.052158225986844,-0.552746478896013,-0.7136225599720368,-0.6277487060061536,-0.5460148868034612,-0.4787794839110412,-0.5789097145073524,-0.6598462056429538,-1.0429652864208547,-0.6543170927028552,-0.6973706634157082,-0.6401861152265206,-0.6549678874329743,-0.6410102635619828,-0.566735415039133,-0.6856262611653736,-0.5166880370701686,-0.7215504530623816,-0.664177179294742,-0.7247418642454685,-0.5254990958421615,-0.5036259808024774,-0.6086116043637662,-1.057655848061792,-0.5284130236388139,-0.6176203503683134,-0.5898122175913091,-0.6361215297820185,-0.6697243550584909,-0.8355774182506601,-0.6077277208798852,-0.6804678792388944,-0.6609545662137521,-0.6082111011538411,-0.6034217458982672,-0.6425908968451746,-0.5736306831934186,-1.1134733466272353,-1.1064353619278111,-0.6320021057773673,-0.9166259516971176,-0.7257934365177321,-0.6465922555422206,-0.4846659842267989,-0.7090235227658022,-0.613798402403141,-0.8463120797845487,-0.6683896032547719,-0.7967804121942182,-0.6514658218749206,-0.5971731982105069,-0.631048286287609,-0.6132941503742988,-0.6790079279144923,-0.5688623143562249,-0.6634303187552957,-0.5662798813185638,-0.6350044340868497,-0.5616042230273393,-0.585294873867472,-0.5841961895168073,-0.5241449426806368,-0.5277764457874056,-0.4289730002776761,-0.6848174596331144,-0.5542321636947013,-0.5141259806490739,-0.5453309320210885,0.6959352623406466,-0.5230254197001384,-0.5085084466213828,-0.6822563981351006,-0.5116900236306091,-0.577801550807521,-0.757260920541844,-0.4473123515240867,-0.905130356964742,-2.706542067766059,-0.7528160323688267,-0.631048286287609,-2.1973305802503806,-0.6571961530378486,-1.4181520521199498,-0.631048286287609,-0.631048286287609,-1.535963080507179,-0.631048286287609,-0.5126379619646912,1.366750155273026,0.4490979282184932,-0.234420201909675,-0.631048286287609,-0.6702191425321339,-0.5279503279092114,-1.0576140365889597,-2.0786452959009654,-3.1
2023-09-30,-0.2622020853045766,-0.3609734098922116,-0.3098130183306316,-0.4478957822354705,-0.1941850041503023,-0.2614376220102896,-0.2734764734066885,-0.4273861189524898,-0.2521941822982538,-0.3332484286607496,-0.116235893344284,-0.3670212657594174,-0.1206048829148199,-0.4442897713620823,-0.4551057847877686,-0.2708698462405787,-0.1771040483809014,-0.3897263780244015,-0.4512956083221854,-0.3973089791820139,-0.34763585426077,-0.3951572033238335,-0.3201986139806576,-0.2980500643628547,-0.1928616799481767,0.0216091203116417,-0.2702380293990459,-0.2073318743384609,-0.2060746076236427,-0.4019483230311452,-0.2629654686376859,-0.2958396541259548,0.0294112787597913,-0.397229629285144,-0.2179020685967943,-0.2220852943281211,-0.3727799549754536,-0.3834165841292731,-0.3601663744226329,-0.1728486904794048,-0.1301917910478001,-0.1499863624438884,-0.1581465239862947,0.863556571154035,-0.3413693087638728,-0.3347289006491174,-0.3526585604504725,-0.7499756862474949,-0.251002486634636,-0.3729809851424404,-0.8387487667980569,-0.2588418518767729,-0.3573262249863648,-1.0207824476721754,-0.2865920429631851,-0.3635601288636514,-0.3309781600873729,-0.3090058430007764,0.0106512132657886,-0.4340424242002508,-0.3409891955805069,-0.1437844378670223,0.0749505810443708,-0.5508687656826277,-0.2903938173170497,-0.412016174754705,-0.3190965929795087,-0.2915304637387476,-0.2465393756790255,-0.3455143699664602,-0.3281584816241442,-0.8387187290877068,-0.3987588494677156,-0.6774557533135984,-0.1808149044612789,-0.3213757343115872,-0.3594518071549497,-0.3407910450942469,-0.3766150580819305,-0.3759179559909475,-0.0855683140778125,-0.3265011088257074,-0.3705417013730694,-0.2298211180623025,-0.2326098210562841,-0.3602852498910293,-0.5939577674456193,-0.2334222612747134,-0.3397461254566836,-0.2189559119865561,-0.3173933048897953,-0.3314631321809833,-0.5184274792119685,-0.2515834393456684,-0.3565796200445192,-0.3014627228261675,-0.2776035439360305,-0.2564931234425244,-0.3030997985582973,-0.2895933434107464,-0.6578613006872076,-0.5687594128765464,-0.2923619114727946,-0.1458595153662708,-0.4110709647595626,-0.2221757210073806,-0.2387840200080468,-0.286422451161872,-0.2227967769881312,-0.497954579562923,-0.4611343041862127,-0.6797207176498719,-0.3259543387336369,-0.2939769877213337,-0.6934152126735847,-0.3104409413120318,-0.3931634023185252,-0.2386586759100225,-0.3174557532707072,-0.2883849645785735,-0.3013185523053795,-0.2538725691529719,-0.327599954322354,-0.263014468291526,-0.214570606065014,-0.2654002175008001,-0.1343292170320085,-0.3742984608194826,-0.2840681587419898,-0.3991808027596498,-0.2083050009390199,-0.186686039850889,-0.1649557417524995,-0.5409488669847522,-0.4117320146782381,-0.2519413714923353,-0.3057787151680913,-0.4741549317821308,-0.2574317601388701,-0.5490558403234934,-2.594349428909952,-0.5398756627395542,-0.3384059421473341,-3.155908395622672,-0.3526478356708921,-1.4551514746763554,-0.3384059421473341,-0.6338145696761145,-0.3501408970817066,-0.3384059421473341,-0.1561701176179714,3.076648612677892,-0.3384059421473341,-0.0116355312534594,-0.3384059421473341,-0.3944302079309627,0.2142092918927348,-0.4944165103763937,-3.0955121603398927,1.8
2023-12-31,0.0107070751619927,-0.1038597260206638,-0.1927961284918533,-0.2736308891822464,-0.0091177442411249,0.0799388884207409,-0.1893673591170242,-0.2033317770427896,-0.1452852137863303,-0.1900832395087087,-0.3248923614006767,-0.1961399010496037,-0.0274018237626866,-0.1096113471744533,-0.1394220034412623,-0.204671886974129,0.1055355322446736,-0.2026199833862931,-0.1883274764626513,-0.1568863798024075,-0.2180040746878972,-0.1690362099015357,-0.2034596473862522,-0.1717332615007248,-0.0691512854644593,1.0383200676966458,-0.1508341868559301,-0.2237483301537783,-0.1296143621470288,-0.2017265517394391,-0.1528816568343593,-0.1753973805315895,0.2345791267416837,-0.2287691242211684,-0.027086233898566,-0.0759140123363542,-0.2084206768325251,-0.2427395482446792,-0.1961156028951681,-0.1964599166028346,-0.0527847016107545,-0.075839724674767,-0.1252208639808663,0.2243983150191417,-0.2028937074394212,-0.1393746339260036,-0.1532372421321771,-0.169903549735425,-0.1776454631712031,-0.2127073436081472,-0.4847118733715128,-0.1069422982945427,-0.1345883327981404,-0.3684010918839193,-0.1966350458185551,-0.2064579395011299,-0.2038798194504754,-0.2201120834759418,-0.1081801447440887,-0.2553660824652471,-0.0125635203852684,-0.0398107463722041,-0.0504639651211158,-0.1248640135086933,-0.1176558278380526,-0.2080990685338155,-0.1233356296149795,-0.0980182585416002,-0.1329844123085945,-0.1723520198197274,-0.1612911569586878,0.0196072216511203,-0.2095807347068771,-0.186551894759172,-0.0441052203984814,-0.1887589695624224,-0.1574048061003068,-0.2361322158505046,-0.16082136277278,-0.0067843731123191,-0.0366578307219995,-0.16616468207945,-0.108500527308068,-0.1283001158159709,-0.1485015027053048,-0.1901276019346348,-0.1835485747139104,-0.1711717531049605,-0.151992853906886,-0.082784027804472,-0.1725189103586844,-0.1625605425335337,-0.3253381581068585,-0.1621524138149211,-0.233815384350019,-0.039228893534303,-0.1469269165217348,-0.0836952095095926,-0.1094110813170198,-0.1322942985058762,-0.2717826679015366,-0.1955128457789184,-0.1477578602766619,0.6399157824275357,-0.2294064410885657,-0.1741455581762372,-0.1558843244127725,-0.2230606883652415,-0.1788725762441518,-0.3812526595297996,-0.2659118221188118,-0.2543523176348725,-0.1772716534226196,-0.1601907370276323,-0.174790303878741,-0.079875771938672,-0.247432495404344,-0.0455168776790178,-0.1718266199324085,-0.1854821733298487,-0.1907326317192031,-0.2731617187730178,-0.1983536817159385,-0.1569466251818956,-0.1672335542222819,-0.1738018682363103,-0.1747623905943001,-0.0895722446925159,-0.1748144044232917,-0.3451575142546076,-0.1232156516404018,-0.1237752215716865,-0.043378315112958,-0.0769880071131824,-0.0840933692144314,-0.1964750867988132,-0.1738532572424241,-0.2827950400204264,-0.1936151378662109,-0.0309033757500821,0.3954974220767613,-0.3835379942527886,-0.174790303878741,-0.6372110679039035,-0.2550436262631081,-1.1473255663998243,-0.174790303878741,-0.174790303878741,-0.1825485953157119,0.1255448832206137,-0.1123314988871783,2.849953717570461,-0.378126529707108,-0.0129882222340612,-0.174790303878741,-0.2018506780887839,-0.4709245284259085,-0.8426918731032341,-4.491360076163763,4.3
2024-03-31,0.0564745834206982,-0.1741188933872493,-0.0696530598035606,-0.0743547257143364,0.0980957073142903,0.2365804797879634,-0.0029843345698378,-0.0503416145516624,-0.0801693021933332,-0.1280563734251182,-0.2293201235514117,-0.0320752962211915,-0.0073491298841041,-0.0345082543836643,0.0158250995625885,0.0238293704503643,0.197263360745704,-0.0254468214817203,-0.0170468320920495,-0.0419072310003881,-0.0609659175566265,-0.0426553190573532,-0.0306324428151596,0.0472286805097077,-0.0405282235765119,-1.1068735460646382,0.0077139731113585,0.0329742937966766,0.0407120038353181,-0.1538600653613377,-0.0540962189074807,-0.1007869406087687,-0.1766753978478807,-0.0652726285329824,0.0125238584823957,-0.060991527003166,-0.0199205880352248,0.0659326157277713,-0.1084381691009001,-0.0469125169665923,-0.0001280280445801,-0.065101838999138,-0.010319803326459,0.2685170274880991,-0.0629845101192056,-0.1479662988040724,-0.0274248882951304,0.010176479299178,-0.0268931432186079,-0.097020371265267,-0.3129744712342023,-0.1002894813015718,-0.0858290077556784,-0.2066970220380229,-0.0825827654933456,-0.0500159198354868,-0.1748777837800619,-0.0183219601452029,-0.1429835093826416,-0.1140245984447206,-0.078951296428096,-0.182202921515086,0.0784296968430894,-0.3413727153874091,-0.0155785919677308,-0.0469052479972077,-0.0095846994319916,-0.0640715880876964,-0.1001174399916544,-0.1322932383972701,-0.0211773674077316,-0.0473807606434982,-0.1397910782125295,-0.1002417142091127,0.2269375374667882,-0.0067829370712314,-0.0846221563130911,-0.0974713505608567,0.0826878661845026,0.6829376277908186,0.099616699737942,-0.0674916373634416,-0.0519036807063565,-0.0648854749512063,0.0122790127809025,-0.0225385958677401,0.0672865803542151,-0.0587780597635045,-0.039118403554078,-0.2823054983573504,-0.1010409634179123,-0.1259814489778503,-0.1408757897810457,0.006475961492673,-0.1376819611524197,0.0559587031405142,-0.0444346011367435,0.0512489134200991,-0.0356914429124875,-0.0353694270608467,-0.2575445845564766,-0.2062005012778056,0.0303526238304985,0.8909860862258312,-0.0880630549287336,-0.0899704892939034,-0.1222913741422847,-0.3317930542670062,0.0149461556208657,-0.0357450298847214,-0.2248720619797144,-0.1072672178032767,-0.032300964938385,-0.0472926038631688,-0.1002452360536719,0.0063972835546533,-0.1317403509491821,0.0321791251810157,-0.0785496993236769,-0.0505525803872594,-0.0396188984248317,-0.0179435169820039,0.0578818966610684,-0.0632122214571959,0.0408970668105557,-0.1176101210138163,0.0074460485462785,0.1648926023930341,-0.0211030662957299,0.0231490360435715,-0.0851907812956798,0.1582685587116435,0.024053105548405,0.0365439545484388,-0.0433877112943813,0.0265485500905066,-0.0890779457051601,-0.2296947735690296,0.1060060469144553,0.0404812663763566,-1.5883806398703235,-0.3019915346377296,0.2547640344725788,-0.8008416809152935,-0.3885772067589676,-1.0226191829547562,-0.1002452360536719,0.2547640344725788,-0.3650566222900767,0.5335371483869152,-0.2255552584129008,1.9866765414929977,0.3571154213667022,0.0083870490426442,-0.1002452360536719,-0.2371275844028533,-0.8295409113961387,-0.1124020232763176,-2.2588431003164,5.1
2024-06-30,0.0405366109950033,-0.0488223884388653,-0.0804919689833164,-0.0800595852086734,0.0454419073083005,0.1838456969359128,-0.0638945398499829,-0.0232142583447746,-0.1051374566168933,-0.0739444816368224,-0.7306765942275307,-0.0390492909571619,-0.0701781052192205,-0.0583032046980484,0.0761899654637278,0.06633312884912,0.1275769705594825,0.0845404033028957,-0.0132752064540521,-0.062181915988817,-0.0811674105545025,-0.0432359558583547,0.0358163732769217,0.0604224603967257,-0.1110763597461045,-1.2821422164548606,0.0019130999619966,-0.1425935631169721,0.0376394484043279,-0.0094036557402759,-0.1288382392379619,-0.1992516788767875,-0.2073136813787729,-0.0608085782146974,0.0447700140655555,-0.0445406837102769,0.0287482272060413,0.0085104441691372,-0.098330285180968,0.0226229344630849,-0.0023650344957875,-0.0783471015212281,-0.1936871495043969,-0.1928785120322593,-0.0172365256377891,-0.1818238012401792,0.059405642079815,-0.0392261804855808,0.0286162005508963,-0.0731107455773405,-0.2688417928392695,-0.0247703173547063,-0.0340608009360671,0.0639325111139154,-0.0850928538950816,-0.0481192329219728,-0.14969974736984,0.0634261382781449,0.0992054000613095,-0.0544128470934141,-0.0456222952007779,-0.2451555172368921,-0.0751321799020085,-0.3166705931591899,-0.0230013716350187,-0.0338812565814495,-0.011290563289354,0.0502752770138721,-0.1302616150519386,-0.0919195278354169,0.00703920614879,-0.2693597587705261,-0.1401953846721515,-0.1223851458233154,0.2110092505931038,-0.0143072792903023,-0.0889704196422369,-0.1790050588446346,-0.0463896071407553,-0.1542365281207194,-0.0236691073580218,0.0015827386999756,0.0573221231808496,0.0036717928182143,0.0325136438621089,-0.1195701196079944,0.0639125136834259,-0.1279458172777149,-0.0042314052723938,-0.250598511673785,-0.1167441267993482,-0.1174295054420768,-0.0070581007759574,-0.0430450681960741,0.0222851833949493,0.0492260256918056,-0.0668785238536384,0.0957310795439529,-0.0266546788965978,-0.0098033567304786,-0.1926353506246192,-0.1067043541897897,-0.0017610751956493,0.8363420224575804,-0.0793162305824259,0.12585574744211,-0.0732771280013887,0.2252982156320431,0.0190011460665018,0.0104580344791053,-0.2419415327631693,-0.0026270431078497,-0.0448524435310743,-0.0309211807324099,-0.0656224089257521,0.0269801747265778,-0.0313550093218454,0.012070100824472,-0.0427967238910476,0.0164563896955319,0.0194571027325282,-0.0794923063898856,-0.0007323403230097,-0.0712676074490281,0.0573954554877003,-0.1772464276828924,-0.08683021429669,-0.0262244384437667,-0.0311851450046005,-0.0177907844740606,-0.0816524436630484,-0.2133492172887204,-0.0324623720146214,0.0156790637365641,-0.0890997487930966,-0.0001280929033692,-0.0422333279045146,-0.1673155448177318,0.1364769453314931,0.2090810804903431,-2.4404059686678186,-0.3054233955499355,-0.0656224089257521,0.1637966213036195,-0.280522300727947,-1.1184572981333891,-0.0656224089257521,-0.0656224089257521,-1.015074231004392,0.2649667535562452,-0.247799646080883,1.1955923401888504,2.9360747937780323,-0.0060772774841515,-0.0656224089257521,-0.1709491730814164,-0.2077046647701585,-0.1507601328319743,-1.6619834553476789,4.1
2024-09-30,0.0442407442566612,-0.092306292131845,-0.1444948103351778,-0.1309645439957779,0.0686307746500648,0.2818440370155522,0.0135360621805629,-0.0080651608466434,-0.0714353663338383,-0.0872645202523905,-0.6271534627717781,-0.0490882655318985,-0.0913340956497103,-0.0645751328013956,0.1069438651377005,0.1309882180126865,0.1266612557009972,-0.0223038779136867,-0.0100377848905267,0.0312956102785155,-0.1013090555476183,-0.0537338430025928,0.025107178865464,0.0127926299806569,-0.105637616294671,-2.016295883779286,0.0043635768345629,-0.1573214945811492,0.0043895658176098,-0.1468648739954187,-0.1625222922764173,-0.2031673882475605,-0.2194680846612952,-0.1093853640496523,0.0129738116142431,-0.0846387712558122,-0.0001031167868622,0.0119333094935983,-0.1512632721716292,-0.050062422400709,-0.0294195583776348,-0.1527113151445496,-0.0180175762284157,-1.0861282468685678,-0.0772875869609305,-0.263298247436635,0.0701391605847128,0.049039190940259,0.0717228506471491,-0.1212832328589018,-0.0498571049341777,-0.1046936522845577,-0.0635781588553523,0.0449875261873525,-0.0636759209120077,-0.0985955592084492,0.0698326150251025,0.0180572390372314,-0.1046928020817103,-0.0590344649730598,0.0180453903605667,-0.2266579219670238,-0.157143444987691,-0.0852538554682521,-0.0059091089744444,0.01310910524135,0.0034846238321436,-0.006641987065682,-0.1073288894468335,-0.0753909172754202,-0.0574708471428068,-0.0833298214627413,-0.1683297296992064,-0.0592006775135331,0.1254278271017393,-0.0577942283963382,-0.0292189370624031,-0.1797371014885424,-0.0472217033306262,-0.2644639323218354,-0.2185992145857337,0.003608796845439,-0.024507623064348,0.0207023061427333,0.0409619782365169,-0.0136513376747972,0.0330044977407316,-0.1419335241414871,-0.0384404793846583,-0.2300008881656458,-0.1791240026800078,-0.2094730555235573,-0.0340067249239235,-0.0895009611924387,0.0414917728153681,-0.0837841234543202,-0.0409459887005646,0.0677690859892246,-0.049673650083662,-0.035059613421203,-0.0049406882641273,-0.0395430956586659,0.0062000160411574,0.3497298994304227,-0.0071763092782708,-0.0434828068669364,-0.0516431682119984,1.0498391136455951,-0.0914056370058733,-0.1347837509592964,-0.2556786300361302,-0.0882320943554314,-0.0469735816086375,0.0133569610610207,-0.0528528856139646,0.037286460247896,-0.1073561976183197,-0.0215329762360124,-0.0761123409722902,0.0277299591485561,0.0075294132739963,-0.2059444430407344,0.034152513800826,-0.0218873377569081,0.0389092486865183,-0.1061112363902299,-0.0330080330506169,-0.0100777478370624,-0.023790261630676,-0.0502812016638509,-0.1489438144227746,-0.057590646850774,-0.0712396691626714,0.0476086440162662,-0.0520125873306328,-0.0117477016212197,0.0089526478090938,-0.1442654541024902,0.2403482089226874,0.1325965000392166,0.3893305863341672,-0.2721678839044225,-0.0528528856139646,-0.0528528856139646,-0.301039883047999,-0.8119515468510874,-0.0528528856139646,-0.0528528856139646,-1.2981030436531955,-0.0528528856139646,-0.3415671151206076,-0.1480022582641811,3.8708623432443,-0.0216614193875391,-0.0528528856139646,-0.1142151884780005,-0.0974591511187002,-0.1431966112474741,-1.2559564331892332,5.3
2024-12-31,-0.0337233570193623,-0.2245054585596257,-0.1781147998988929,-0.0982504754962014,-0.0140334152663361,0.5997650699391305,0.0601478309344685,0.0414059795552748,-0.0161018672528785,-0.0361064106231722,-0.6417698938830938,0.0061541965991222,-0.1685249686463635,-0.0364109582073287,0.1347660135912978,0.0335563893588496,0.0147900290078204,0.0232944461723244,0.0066588874148963,0.0353417072313638,-0.0090974072820494,-0.0871730220238592,0.0456172552744759,0.1361917761533173,-0.1153573917753261,-0.3142062810722842,0.16414902279471,-0.0113959665604614,-0.0288015861005407,-0.1450765045232166,-0.0486550484014587,-0.189605155096682,-0.3149646654371829,0.0127932597725013,0.0515876739187172,-0.0778978152259372,0.031344923701688,0.0033078797596959,-0.2343920817439678,0.0397354475998904,0.0221442692385081,-0.0716546519304806,-0.0919682338499663,-0.2489246835239742,-0.0838269283211792,-0.1584679254241298,0.1304334772322682,0.0967281205290582,0.1444850612346117,-0.0399719571847996,-0.1227399254422107,-0.1749439402005171,-0.0957140761350452,0.0571302056522679,-0.0312250631477019,-0.0428454742612691,0.020112324315178,0.1618126998954365,-0.1529939698760409,0.0088092642533002,-0.1034395223990973,-0.1507790381519158,-0.1205611457117615,-0.114167565586301,0.0235706604940346,0.0619848725330609,0.0181489399359544,-0.0567065619375166,-0.0668776282869598,0.0053652849802592,-0.0385089429073733,-0.0985857180367387,-0.0738376360064833,-0.1692059800526871,0.2850432547385768,-0.0187440382743027,-0.0516192471264882,-0.0875764245506121,-0.0616471770692483,-0.3345025340631294,-0.1180669552533143,0.0320910196753836,-0.0830754519875523,-0.1626074078735679,0.0247236581768747,0.1054842729897235,0.0284291654104584,-0.0386081294571763,-0.0078290883100142,0.0017408810465392,-0.133364711341468,-0.1439311096477318,0.1116906549647506,-0.0051525757438564,0.0377030733177729,-0.0133238218014899,0.0039783345026513,0.0721533877596198,0.0225740058646701,-0.0518939764192464,-0.1599161727181227,-0.1809426728545914,0.0425061185937606,0.2206569552172355,-0.0088725736679981,-0.0370019539770874,-0.0737734767068703,0.8846578156231365,-0.0417480487360199,-0.2749062503470963,-0.2040911354943305,0.0295659790455272,0.0142639813337354,-0.0099126481286371,-0.0540161900589204,0.0136323196962362,-0.0085116953914229,0.003135210869326,-0.0059739269819958,-0.0555717131464594,0.0317536937275276,-0.3614423175409322,0.0427200337669346,-0.0549707005122354,0.0791455912488231,-0.0150051844929564,-0.0164048731092536,-0.0189675245147432,-0.0139282928352799,-0.0143549870426895,-0.054226765959059,-0.0018129309954707,-0.0767457068312299,-0.0341501052554552,-0.0554524856028466,0.0279467228721281,0.1090707171311909,-0.1564417939186632,-0.0215452380583346,-0.0220546226192638,-0.8807818080621139,-0.1957575151121656,-0.0540161900589204,-0.0540161900589204,-0.12330362096435,-1.6962305893278211,-0.0540161900589204,-0.0540161900589204,-0.6775013835593166,-0.0540161900589204,-0.0263206020617641,-1.3162915081376374,3.7532728468040655,0.0672921238507041,0.3009930804673303,-0.1429022404145744,0.6849458775854351,-0.2959105170548053,0.2635090878803376,5.4
2025-03-31,-0.1090957060710264,-0.1038498052629256,-0.2012082090377059,-0.0541437903837229,-0.0707512600002519,0.1049257246324161,-0.0649376540603123,-0.0317819995174613,-0.0427768913510821,-0.0358671979518911,-0.5242865757269416,-0.0348137775348482,-0.0019274466485744,-0.046307234226808,0.0450128817683328,-0.0203283395719039,0.0134745905289869,-0.0256001149298256,-0.0466052045224024,-0.0461614338793082,-0.0816624201711812,-0.0941878824405577,0.0705440734792809,0.0026374347832542,-0.0991695728548665,-0.3681727376124577,-0.0162221760227518,-0.1481273153879127,-0.0614071656544554,-0.0630339987331375,-0.1799065972533984,-0.0755766058701574,-0.0564925335004571,-0.0205516093648687,0.01643769378038,-0.0355006674650204,-0.0357157992974202,-0.1429615807546258,-0.1908775962812622,0.0030359928453428,0.0476825667279725,-0.045576760802676,-0.0490542021519757,-0.1963530654161929,-0.1834495564251392,-0.0962590070600001,0.0704751502823843,-0.0273912257509552,0.0636927817621171,-0.0371013082361087,-0.1249978828942934,-0.1454892851006008,-0.0138954122623757,0.0355672896377548,-0.1388074931088407,-0.0911560413416278,0.0187946498398571,0.0356685437277646,0.0313968454416137,-0.0511633576511092,-0.0405921997632557,-0.1988969745883189,-0.1316957002770342,-0.1743141316649975,-0.0434594483821377,0.0023872579585401,-0.0112689954322349,-0.0931379604446549,-0.0910169082114373,-0.0192144370788334,-0.107782403968332,-0.1890565177887108,-0.0686563028385345,-0.1347569398571401,0.0751686537243209,-0.0553692258657567,-0.0738124388720205,-0.1909230736283019,-0.0997523111296463,-0.6271029167839308,-0.0528906992915929,0.0884744514282585,-0.023913116242915,-0.1635821802979289,-0.1060424460942141,0.1124632067332312,-0.0119811514120343,-0.0850920830539968,-0.0665442543896747,0.0082866064615336,-0.0982447536633201,-0.1177596866565633,0.0249264124870541,-0.0233370471807024,0.0759473159325011,-0.0482172415474617,-0.0168180772729329,-0.0264605319308828,0.0262743011066144,-0.0754474755685601,-0.1892070426721179,-0.1914229543172269,-0.0441771365373264,0.2378813727477717,-0.0395611476457773,-0.0414900462015943,-0.0307401008982236,0.1780115048018723,-0.0311726752626668,-0.385317646384144,-0.204165754788411,0.0738617064574244,-0.0268317503654866,0.0595054333628616,-0.0549086005174833,-0.0143805715856646,-0.1212858880266275,-0.0020959216745528,-0.019947936214016,-0.1006518703760752,-0.0476289392540159,-0.3110143870792381,-0.026196344718792,0.0105245531386472,-0.0530790189420281,0.0597716036911126,-0.1168798373466522,-0.1785650999190199,-0.0788093047739465,-0.2289590706813473,0.0276961014227038,-0.501573472436545,-0.0220188690613695,-0.0023771243614666,-0.0238339872595786,-0.0941075550146247,0.0563389520479455,-0.1239804626280473,-0.0914008080465341,-0.1003449171944831,-0.3439492290287305,-0.1998684913937877,-0.409917871043734,-0.0549086005174833,0.0888734007035274,-2.315347127567928,-0.0549086005174833,-0.409917871043734,-0.3874067278288178,-0.6886909849580705,0.0132328809840563,-0.0583699335367785,3.5390133801720696,0.0682946389542042,-0.0549086005174833,-0.1208741562215371,1.383013137654287,-0.4565965252527153,-0.0970974612173651,4.8
2025-06-30,0.0916301108120696,-0.068663396995965,-0.2003146551539533,-0.0526812294388683,0.0457980618697914,0.5875311765663745,-0.0588269971506072,-0.0292197809693587,0.0163589561903583,-0.0656696533295737,-0.040394187966246,-0.0061106212364024,0.232717348062211,0.0635540893991887,0.2522692167406141,-0.0630353864140683,0.1810470638278339,-0.0473834718092451,-0.0118939180518361,-0.0411906856932724,-0.0706863995325581,-0.0766528546022519,0.0235904658072908,0.001661002041592,-0.0675548989382803,0.649586257504158,0.1065896132697841,-0.0297222162056126,-0.0667651558376893,-0.0768175659722402,-0.0077466980439951,0.0328192002175766,-0.1201898543031159,-0.0135705261479058,0.0781684038416415,-0.0669944934803012,-0.036665785899948,0.0185636839990005,-0.2457556472562694,-0.0841003194018406,-0.0652313258638876,-0.0298525549281103,-0.005081361036322,0.0632252717572447,-0.2114271175145132,-0.1016119411600905,0.0428111899449741,-0.011833262278536,0.0628796384582101,-0.0048261934029874,-0.0995316436181206,-0.1271856764201733,-0.0782949784611958,-0.0510570594919289,-0.0654677264458015,-0.1223702422453,-0.0225038365339012,0.01421399800705,-0.0058893104477607,-0.047100763361321,-0.1384076359416634,-0.1499389147961836,-0.0865001679394745,-0.1489756663027041,-0.0367765048370349,0.071268632722862,-0.0275971083219567,-0.2144494438301273,-0.1241988040085004,-0.1031189788013568,-0.070084943385668,-0.0658578014425346,-0.1210070127191235,-0.2022537117607341,0.1440059146010635,-0.0723721464547734,-0.0778523749448794,-0.1026563097740117,-0.0237862029555986,-0.0955456058777272,-0.0336678305814962,0.0955729893618538,-0.0543684237657653,-0.1831628775272239,-0.0818771648823048,0.279523440628434,0.0224676033375467,0.0040423374024659,-0.0883348531919105,0.1709627913120868,-0.0696591174487301,-0.1240442843162566,0.0169522941940951,0.0406685851519905,-0.0795643195726356,-0.0568156609764597,-0.0309543005737792,0.0575199227884362,-0.0178288048307801,-0.0784961682964025,-0.2655695675771348,-0.1382219009666873,-0.0058425805526173,0.1918363635263609,-0.0248806713143817,-0.20774542861549,-0.101401577723761,0.2256088377128286,-0.056405730610375,-0.3599573397679675,-0.1364580016173114,0.037122838888158,0.0214025876596442,0.0403144433958381,-0.0509236576125553,-0.1059141031458822,-0.1374053368572002,0.0342094074865176,-0.0736867878338398,-0.0760579281837678,-0.0740032225392659,-0.3656830511216958,-0.0333802658694,0.1140388100122091,-0.0104755032586092,0.0044196883948964,-0.0988255291244923,0.0122988583057954,-0.0689909801303494,-0.1603966921704937,0.1264098537775897,-1.1554979566263883,0.163274603535364,0.1252896144949069,0.1132495803730726,-0.0518684938626055,0.0796554254394604,-0.0683274876938312,-0.091745030788004,0.1959832674770965,1.8649184017474445,-0.2172724579094992,-0.0509236576125553,-0.280342687841927,-0.0098144611197192,-2.1465626676873204,-0.0509236576125553,-0.0509236576125553,0.2652974088623148,-0.3815128200945527,0.0296565526952884,0.0006604428110358,-0.0858129049938705,-0.0450682472089802,-0.0509236576125553,0.0884175208146469,-0.0918490275563092,-0.8604340030196209,0.3226037891547638,4.9
2025-09-30,-0.0282974367570471,0.0590961975045556,-0.190986913453276,-0.0722086492620255,0.0057482164660785,0.5510266574087559,-0.0739105700581985,-0.0389814685625837,8.580376437170237e-05,-0.0396440239084937,-0.0779933060356401,-0.0559724222767974,0.1589340669670044,0.0552448587825642,-0.0353572465375981,-0.2101408605981818,0.1380996911753926,0.0021612592953455,-0.0148460316631838,-0.1075848359406574,-0.0642886593511442,-0.0904649940896891,0.0349046095261162,0.0557226938792764,-0.0356496083265962,1.6391847362489191,0.1100940892832489,-0.1238121125949452,-0.1166068600309737,-0.0855490630721066,-0.0133754658531241,-0.0161334313372311,-0.122823797983615,0.0181263526382706,0.1908443523918546,-0.0757180149879487,-0.0443087530495076,-0.0729644004132199,-0.1253835751286666,-0.1553030134859835,0.1046061654212358,-0.0303922581935201,-0.0282263458109856,0.0109767481097166,-0.1920254343573313,-0.0979601370517766,0.059903954192713,-0.1421603775682164,0.0250583564906406,-0.0072567437208951,-0.3007160711453062,-0.0693193402964222,-0.1341113931595111,-0.0439776283667913,-0.0247740302925594,-0.0676513397015282,0.0169676193032724,-0.0378313125481578,0.0526289093577542,-0.0325524766294718,-0.1387741814683317,-0.1901183342652581,-0.0005834942512213,-0.4987591400568357,-0.0538355417952136,-0.0093889691845031,-0.0352562993770306,-0.1000192410782864,-0.1020593588064414,0.0588633909938962,-0.0810926393958005,-0.1160202794633611,-0.1188457663926967,-0.1978488377816579,0.2850931709639024,-0.0117808524027271,-0.1429967308405038,-0.1216444634002522,0.0054688707361912,0.0991449652251472,0.0706129205644911,0.0509301485714109,0.0117116781264264,-0.201258330069362,-0.0819887964550069,0.1753804487823103,0.0259586710208752,-0.0602267405105213,-0.1026379332947385,0.1076568359042689,-0.0930281197971934,-0.1579576243465816,-0.0188474143703972,-0.0143636503926863,-0.0628620096266046,-0.0436975598101152,0.0318571972475327,0.0684420010002992,-0.0138582133194442,-0.0802932407915196,-0.3807487552826255,-0.2607089011375198,-0.0439352739908963,0.3720671850400328,-0.0231585811919343,-0.0733707930748018,-0.1566458006110992,-1.0192046528675127,-0.0297855662520466,-0.3998874006497049,-0.1974605522951073,0.1150227227909372,0.0217592884141856,-0.0434385706585634,-0.0389821170437085,-0.0512013044939675,-0.2074425527403362,0.0539763377802764,-0.07525638599893,-0.171065288991382,-0.0470226412177347,-0.2604987307323456,0.0238418602288857,0.0806767326320537,0.0581712020815584,-0.0902587346124644,-0.0501897671240485,0.134265296986018,-0.0657694233294942,-0.1034882456691537,0.1402004806532834,-0.1711415300350533,0.1871594464634093,0.1681643990776904,0.0551988192612262,0.0100803560171871,0.0254969652394222,-0.0802876647856998,-0.2699552285871131,-0.1996906074711308,-1.667101392757436,-0.2122672349786283,-0.0389821170437085,-0.0389821170437085,0.0855873641577301,-2.7249923169204595,-0.0389821170437085,-0.0389821170437085,-0.0087850629458425,0.2801754050407963,0.1396353902122616,-0.074751769339536,0.0717458040649986,-0.023397235028634,-0.0389821170437085,-0.0212642021752716,-0.6935996208927389,-1.4478188495296147,-0.0389821170437085,5.4
