,Accounting___Auditing,Acting___Theater,Advertising___Marketing,Agricultural_Equipment,Agriculture___Forestry,Agrochemicals,Alcoholic_Beverages,Animal_Products___Services,Apartments___Residential_Rentals,Apparel,Aquaculture,Architecture,Auto_Financing,Autos___Vehicles,Aviation,Boats___Watercraft,Book_Retailers,Building_Materials___Supplies,Business___Industrial,Business_News,Business_Operations,Business_Services,CAD___CAM,Car_Electronics,Car_Rental___Taxi_Services,Carpooling___Ridesharing,Chemicals_Industry,Civil_Engineering,Coatings___Adhesives,College_Financing,Commercial_Lending,Commercial_Vehicles,Computer_Hardware,Computer_Security,Computer_Servers,Computers___Electronics,Construction___Maintenance,Construction_Consulting___Contracting,Consulting,Consumer_Electronics,Corporate_Events,Credit___Lending,Cruises___Charters,Customer_Relationship_Management__CRM_,Data_Management,Developer_Jobs,Development_Tools,Distribution___Logistics,Doctors__Offices,Dyes___Pigments,Economy_News,Education,Emergency_Services,Energy___Utilities,Enterprise_Resource_Planning__ERP_,Enterprise_Technology,Entertainment_Industry,Entertainment_Media,Events___Listings,Fashion___Style,Fast_Food,Finance,Financial_Planning,Fire___Security_Services,Fitness,Flooring,Food___Drink,Food_Production,Footwear,Forestry,Freight___Trucking,Fuel_Economy___Gas_Prices,Gifts___Special_Event_Items,Government,GPS___Navigation,Grocery___Food_Retailers,Health,Health_Insurance,Home___Garden,Home_Appliances,Home_Financing,Home_Furnishings,Home_Improvement,Hospitals___Treatment_Centers,Hotels___Accommodations,Import___Export,Industrial_Materials___Equipment,Insurance,Internet___Telecom,Investing,Job_Listings,Jobs,Legal_Services,Luggage___Travel_Accessories,Luxury_Goods,Mail___Package_Delivery,Manufacturing,Maritime_Transport,Mass_Merchants___Department_Stores,Medical_Facilities___Services,Mental_Health,Newspapers,Office_Supplies,Outsourcing,Performing_Arts,Pharmaceuticals___Biotech,Pharmacy,Politics,Printing___Publishing,Professional___Trade_Associations,Programming,Rail_Transport,Real_Estate,Real_Estate_Agencies,Recruitment___Staffing,Restaurants,Resumes___Portfolios,Retail_Trade,Shopping,Social_Services,Spas___Beauty_Services,Sports,Swimming_Pools___Spas,Textiles___Nonwovens,Timeshares___Vacation_Properties,Tobacco_Products,Tourist_Destinations,Transportation___Logistics,Travel,Travel_Agencies___Services,Trucks___SUVs,Unwanted_Body___Facial_Hair_Removal,Vehicle_Brands,Vehicle_Licensing___Registration,Vehicle_Shopping,Veterinarians,Web_Hosting___Domain_Registration,Weddings,Welfare___Unemployment,World_News,Bankruptcy,Birthday,Commercial_Building,Economic_crisis,Exportation,Financial_crisis,Foreclosure,Housing_bubble,House_price_index,Interest,Investment,Job,Loan,Luggage,Office_space,Lawyer,Student_loan,Unemployment,Recession
2015-12-31,-1.8795817256820926,-2.014032107483268,-1.8408504388901106,-1.29720492931918,-1.4790266110714834,-1.9891623417435365,-1.5947736772427685,-1.3468548379630008,-1.4708684233700202,-1.504844294097425,-1.4284348249554242,-1.7853617532724586,-1.4046948376523503,-1.6515783762696339,-2.1815739161433445,-1.801110110240597,-1.94421095388127,-1.5817472817662939,-1.76336978225775,-1.8191286157432751,-1.7223292323874837,-1.844282282105806,-1.8483629950911427,-1.718418394395484,-1.3256864135255215,-1.801110110240597,-1.558548473069286,-1.8011101102405975,-1.6580092665999238,-1.801110110240597,-1.8629855139586846,-1.2191885647908758,-1.899550183053849,-1.839824622421288,-2.0887921826923783,-1.858929681129423,-1.674816384916305,-1.6469594304133386,-1.4689762752179822,-1.7638387154433657,-1.7729392332739007,-1.7026700374273447,-1.9710091470359945,-1.9247240662077738,-1.8288896743476721,-1.325686413525522,-1.5848870017709613,-1.9681641949037636,-1.6911092150262683,-1.213323445338478,-1.1949743066702814,-1.634056025577431,-1.629259853313938,-1.646959430413339,-1.395645002132433,-1.7118789765126534,-1.5975111549993581,-1.5415989147555118,-1.405214453148583,-1.6785077881482655,-1.5387458457731058,-1.6187885534466417,-1.91889314589698,-2.581268667790172,-1.5988732437457012,-1.604995231314307,-1.5637819239344308,-1.3241860381502883,-1.5188776425563804,-1.996854687366692,-1.5952580560364482,-1.5779665589263874,-1.5059930593012982,-1.8752180823943192,-2.0634743747080884,-1.8185018529524664,-1.5408270119769303,-1.3086336251428028,-1.5422484763243078,-1.5328461236459177,-1.8571995768916412,-1.639468758684182,-1.5824209092757666,-1.6439245267181848,-1.5077623002531384,-1.7506792566137053,-1.6187885534466422,-1.4646378736193837,-1.851882435614021,-1.577966558926387,-1.7087367901095822,-1.688992812119892,-1.9681641949037632,-1.6241794020815195,-1.9366556022368213,-1.8673594957817983,-1.6469594304133386,-1.7523199460711654,-1.7786372543885385,-1.6022592514954317,-1.251063773321325,-1.961452760315776,-1.7460503330575694,-1.8734307718202232,-1.722121698921966,-1.6911092150262683,-1.467965663712059,-2.494257290800543,-1.8318817689073503,-2.1621234557779276,-1.8145331305727366,-1.801110110240597,-1.5779665589263878,-2.335192596170855,-1.801110110240597,-1.4497122234027078,-1.6675787176160743,-1.5026171216846,-1.5836972336353732,-1.8011101102405975,-1.600439414778445,-1.7057999304362719,-1.8780711513767252,-1.7114979515509097,-1.3866763321496718,-1.5081229855591234,-1.4887354251984446,-1.8191286157432751,-1.6871658508913798,-1.5328461236459177,-1.664534575234847,-1.3956450021324325,-1.6340560255774306,-1.0279202220071157,-1.7786372543885385,-1.4697529742861546,-1.8436697246593932,-1.6911092150262683,-2.0209695863536163,-2.0693740968352765,-1.801110110240597,-1.573326179369885,-1.801110110240597,-6.416230627081857,-1.7660187904293272,-1.801110110240597,-1.801110110240597,-1.801110110240597,-1.801110110240597,-1.801110110240597,-1.5859987306236514,-1.715587936802435,1.8624515358890492,-1.2848936378397298,-1.801110110240597,-1.8476301258754897,-1.801110110240597,-1.801110110240597,-1.801110110240597
2016-03-31,-1.6688953464456442,-1.559520669672005,-1.6330510444504234,-1.3568714276076836,-1.4936068376498328,-1.389627259769271,-1.5325459808223512,-1.5579779159599205,-1.495906104171325,-1.502393628022222,-1.6367307338982637,-1.5170571790199618,-1.7300084132360445,-1.5030995782410055,-1.688207584161364,-1.279976141619723,-2.0070423668923634,-1.5248848696123185,-1.5883447383920304,-1.6190612511162752,-1.5794679799525428,-1.6554793673689294,-1.6879412991846008,-1.707557438131902,-1.49646092090346,-2.096285314144404,-1.4896300328355756,-1.5752465244247391,-1.508056658817725,-1.6966270347143835,-1.8151897413692892,-1.4545289092339813,-1.8266298930272913,-1.7765749997174252,-1.8029422946917153,-1.7776980268537181,-1.5446212677494664,-1.5437537432376371,-1.6036399100052452,-1.7032665509865121,-1.5890487921034036,-1.7216621226939777,-1.5710038272637685,-1.2650898149388057,-1.674345038989108,-1.4204277776792884,-1.7805698460640271,-0.4038351703017992,-1.541520985336267,-1.0988444564429451,-1.6874054366576237,-1.5289771601085227,-1.6137509741955394,-1.5628842358788262,-1.4471228848636952,-1.6631635654214858,-1.5455436408257077,-1.547245355717208,-1.5356522667881818,-1.5919017684397316,-1.5183098174771037,-1.6110556411967325,-1.3285677095920236,-1.8317129107684917,-1.5781275590064636,-1.4898883065636948,-1.5054292627290986,-1.5524982502100242,-1.5488192870073456,-1.310671309229427,-1.5634399772335406,-1.3610106996540092,-1.5535844532782659,-1.7350622572213932,-1.808557822129615,-1.6254552596734901,-1.5089123293112015,-1.550476069962464,-1.5112009848621346,-1.4984746571621352,-1.7298825078249165,-1.5846027846985715,-1.534803371956771,-1.5321045458396902,-1.471163876240304,-1.5427326665721997,-1.5901980280974581,-1.5757871430248767,-1.8154969734117772,-1.6094438180612656,-1.7427645902929356,-1.6417737501551457,-1.6079269982565236,-1.7807529725245774,-1.7355339594197596,-1.742144572222634,-1.5358232701937076,-1.6729591730605309,-1.6085949847747438,-1.5446243319179311,-1.3032683174430988,-1.7730885296852112,-1.5149452050323642,-1.512462324447431,-1.6042415493707567,-1.7761451247304936,-1.6159723403453812,-1.9302850168995627,-1.7386324101635642,-1.6473697076302078,-1.7238399008260112,-1.7653706981259423,-1.4586946305859774,-1.6843792043117887,-1.750146108734384,-1.418634228488971,-1.7780316448457063,-1.6525379425562035,-1.6014562839747937,-1.534437566855595,-1.4550269768619595,-1.7285026330810982,-1.7472987399207307,-1.597376583217147,-1.4381533837137401,-1.5297831486278197,-1.5368091371308406,-1.6485847112369059,-1.562610376486464,-1.5692681116944014,-1.5614749335524787,-1.5196907044355987,-1.59708349384625,-1.2890618388030626,-1.7166436513825958,-1.4034517026064632,-1.8424234563560922,-1.4578750050705271,-1.5372403031815696,-1.8824150113612546,-1.750146108734384,-1.557008624790421,-1.750146108734384,-1.750146108734384,-1.7997703032822439,-1.439142165054803,-1.750146108734384,-1.750146108734384,-1.750146108734384,-4.5316922621152615,-1.926224827985833,-1.786134677767251,-1.0651042387937093,-1.8749396789719872,-1.750146108734384,-1.6184364330531618,-1.750146108734384,-1.7739647255948365,-1.750146108734384
2016-06-30,-1.4713267679902935,-1.4468886074732055,-1.5742628306786304,-1.417300976105327,-1.5008816858970018,-1.1469894230240991,-1.5101049184145414,-1.5060255189747913,-1.3764860938019028,-1.4166375308946362,-1.5687538957110798,-1.568864568100324,-1.6106394734141847,-1.5347626021910754,-1.6028079350018247,-1.1103094162655731,-0.8206544573031451,-1.5425715070129051,-1.5683749100403188,-1.5176231113851093,-1.5615831079368179,-1.6076783419907126,-1.731535149102593,-1.6376246707527051,-1.3860712119439973,-1.638488682649747,-1.391496573321007,-1.4552200105966173,-1.5347099007086435,-1.5038011845953005,-1.5111468811882103,-1.3693645219011685,-1.744683511738121,-1.6843613539774198,-1.774175490625866,-1.705954186471636,-1.5305832416728082,-1.2486968017953326,-1.4380039958660424,-1.6425779706002477,-1.583122774511509,-1.5631565376935608,-1.5627631318003348,-1.2076364300373952,-1.687189464177464,-1.3468990800732512,-1.5645741116800762,-0.9043291769682684,-1.5047618409180183,-0.8441739095983773,-1.4645548592085889,-1.5102208853613226,-1.4764010557267315,-1.5018147870761642,-1.304269834738739,-1.6336125473778358,-1.5515735813763265,-1.4572726962893685,-1.3794921481622529,-1.550338753101856,-1.3350974272832603,-1.4905153404910305,-2.345630303657148,-1.7629667730688405,-1.5007376531929277,-1.4964877961573322,-1.4737626340636967,-1.5059561596328335,-1.4679996895409615,-1.615024210940362,-1.5092293868620763,-2.1776069799093354,-1.476411303904628,-1.5431488832990956,-1.7420984817935592,-1.5305807376361353,-1.4912278974405575,-1.4662123717391287,-1.463739631617057,-1.5128160936920905,-1.6870636449455045,-1.5345069678502765,-1.514164537167055,-1.500775817504748,-1.43858865178521,-1.4702392775197306,-1.3370178928575231,-1.566835223101754,-1.7555076425633773,-1.4808532378228694,-1.6506108848498664,-1.6124052223909613,-1.2519332376408892,-1.4725362503608446,-1.7282327867993221,-1.6980528838396816,-1.4560963603238695,-1.5654406883375458,-1.5360470712332048,-1.5225480434436547,-1.3466765584813556,-1.6994773471677798,-1.5209963600635987,-1.4667600446854698,-1.5512593778987536,-1.5631490002721102,-1.5300340670440786,-1.4375789146729665,-1.6902621836527354,-1.2011951605252074,-1.639249619155785,-1.8372039515828031,-1.4410419120898983,-1.4908365685647118,-1.638488682649747,-1.3978427017873907,-1.6629433806815235,-1.4859694233176781,-1.5096960017820231,-1.5473771092852204,-1.398075262414451,-1.3929088166719683,-1.7201609551024017,-1.4918343916345773,-1.4870706977274681,-1.5347997469183332,-1.4975150971455184,-1.5786431283155624,-1.4972074903298567,-1.4702923673516963,-1.5684373842042012,-0.9731111500240388,-1.58736549526405,-1.4067782657171755,-1.5647071490614386,-1.4287242179068627,-1.8073038896749456,-1.5699013558446997,-1.5511248591526505,-1.7642083472956738,-1.638488682649747,-1.4246074423856068,-1.638488682649747,-1.638488682649747,-1.6242987452468678,-1.3456684911289531,-1.638488682649747,-1.9934979531759975,-1.638488682649747,-2.315762291487037,-1.703769231279434,-1.7455034855776974,-1.4202454323779892,-1.8535567960949684,-1.638488682649747,-1.5808717384861966,-1.638488682649747,-1.1557731363224548,-1.638488682649747
2016-09-30,-1.277760638460386,-1.1786783734790771,-1.3749240664290718,-1.1972247519033987,-1.2840416561280774,-0.9927260605740232,-1.3077058187474242,-1.274322857548791,-1.1826814368124778,-1.2440818894396837,-1.353270344755767,-1.353397513727857,-1.437522534714276,-1.2879727526555036,-1.3688698178568914,-1.2387718492245923,-1.7432771582116577,-1.35277319309357,-1.3767617397786265,-1.4206933766664565,-1.4365903663743842,-1.438713046116948,-1.448718341443183,-1.2768929838348535,-1.2668911542999692,-1.1394207130995178,-1.2875235527586513,-1.3814923111919195,-1.1575629661085993,-1.395226530573572,-1.4628844785412305,-1.0912633609332816,-1.5630606447431898,-1.5051886829251875,-1.600178253306964,-1.5271916099894496,-1.362536698533897,-1.3750390941481594,-1.3497809847310323,-1.4197774488480734,-1.341335865299932,-1.4046871143199036,-1.4121323314454903,-1.5141212190607514,-1.4297000489738565,-1.1417032173096566,-1.5984368315212572,-1.1071585554031187,-1.2495913167624395,-1.3604210983425904,-1.440947711044288,-1.3316089473972115,-0.09493895489775017,-1.3541159084655718,-1.1847908207278264,-1.4810090294661653,-1.3624258162412262,-1.2495262164625613,-1.1503237841007503,-1.3309412854986857,-1.2418660900535425,-1.351014629182079,-0.9013238340918291,-1.8149874830537258,-1.2599782934807704,-1.3147106159221627,-1.2891459606517846,-1.344615621693571,-1.244948494277433,-0.8950776405195902,-1.2527171413220228,-2.0849225316568853,-1.2989810210118438,-1.3888321905719119,-1.3649279123689129,-1.4720566808425473,-1.3610422142791896,-1.3871211396259358,-1.2373957044827582,-1.336058737632772,-1.2950264911574494,-1.3343023108197498,-1.290893922419438,-1.2408959487730984,-1.2317591591323365,-1.3690084688956996,-0.3472975290949726,-1.3736042560804138,-1.5282407879785505,-1.491243262434036,-1.4212677244206968,-1.3950256806962276,-1.1053252837148269,-1.3601207385434824,-1.4917084510810277,-1.5162784638171656,-1.2877346654398454,-1.4029734346908767,-1.452758929011234,-1.2895559152061766,-1.432778145746954,-1.5527315960140302,-1.3417464260082772,-1.167828311308615,-1.2620794505431463,-1.6141313872722516,-1.3268203438871018,-2.036126382876243,-1.394692943704461,-1.5595060000150427,-1.5086099977153464,-1.068254693503565,-1.2416810003899093,-1.206138000622753,-1.4897189355303284,-1.2191882559006182,-1.469086251041092,-1.4179603141547814,-1.303135561858889,-1.3472548790189451,-1.1586480476649377,-1.1851027911540977,-1.4322083144066986,-1.3076637670202527,-1.1775360972104727,-1.1079459701500631,-1.2696921413388813,-1.3226141126458348,-1.27329262983778,-1.3979315290903431,-0.9554799084657802,-1.3538055652221628,-1.3426546255421776,-1.383459765732444,-1.479418652471697,-1.1316356226384239,-1.5585590277995856,-1.3840670258687924,-1.3770722685986265,-1.4895571754545454,-1.502652544899713,-1.3220253444331505,-1.4897189355303284,-1.1828740088715384,-1.6229491876638145,-1.3116008798290417,-1.4897189355303284,-1.4897189355303284,-1.4897189355303284,-2.9096603768807556,-1.6694091103036148,-1.5240624135835732,-2.0363783513607108,-1.5017945640591586,-1.4897189355303284,-1.7066681519835531,-2.09218156479998,-2.0627984515396207,-1.8447282060565795
2016-12-31,-1.0614287904816988,-1.235131299874782,-1.1452074127812004,-1.0356549533037926,-1.0617802377682077,-0.6761399537886192,-1.0956074907172366,-1.1098730286099647,-1.035736090737333,-1.037204345516872,-1.0914584346333849,-0.9870364835184725,-1.2037187748235558,-1.0689868790096098,-1.128631658244027,-1.142414934370428,-1.1463484417916245,-1.1035627242464807,-1.1382645522112578,-1.1951160327551698,-1.2147969216614034,-1.1491859342653576,-1.336018994027542,-1.0837186893550113,-1.1144502030842582,-0.9325009874877495,-1.099621065791341,-0.9955350115282703,-1.1326893740025386,-1.183965500783873,-1.2909885684809719,-0.34087447917427094,-1.3254117014699012,-1.2443311915123718,-1.4141059366878908,-1.310389874614277,-1.126317733915053,-1.2174969881582294,-1.0886590562508807,-1.1675348958910141,-1.261986905474021,-1.1146977141975936,-1.1165409432656968,-0.9997737723396403,-1.2379719129857567,-0.9081050276769412,-1.283737650866713,-0.8890738712398124,-1.2003330182927958,-1.2575945537347097,-1.1462543721715928,-1.1009567346114826,-0.3948589568221677,-1.1451124743257954,-1.1777780943395038,-1.2843924994738622,-1.1563102982124567,-1.0555711287630312,-1.105202545976458,-1.1285691407935883,-1.0074140291400453,-1.1307139389606866,-0.852566881119318,-0.9388915865641603,-1.0468413130643681,-1.1411104436165607,-1.0848724126108393,-1.189268317146817,-1.0545195187491674,-0.9262753541430553,-0.6495581946097798,-1.591197012626639,-1.1031556279725916,-1.1092865730461285,-1.0101196356868738,-1.2160836474849097,-1.1407773364043226,-1.261936626798461,-1.0436351772634749,-1.1579651204884185,-1.1708071419410377,-1.1598329289661273,-1.082457125440243,-1.0513193612422354,-1.0535808291230766,-1.1545542564706543,-0.05225965925401091,-1.1869789889236833,-1.3874467395034433,-1.1269767423543169,-1.2043072374441208,-1.2100174273636433,-0.6908005469214846,-1.115749542802759,-1.2748608284269056,-1.2775054279308025,-1.0965878132656133,-1.2565802411468248,-1.3137307085410739,-1.0709571191425893,-1.197819899267879,-1.2738519102593189,-1.1205969401400493,-1.0595983466511538,-1.066614979307085,-1.2862826162594903,-1.1232005887097787,-0.8208710264986204,-1.179152653127093,-1.2767202359113268,-1.2583429515206457,-1.2952508211741498,-1.087098375467548,-1.1230724396465914,-1.2733330489372352,-1.015812431199692,-1.2274041677734915,-1.2070021407051472,-1.0955139151645417,-1.115992489825833,-0.9681094281945601,-1.1550146901452487,-1.0410707303127547,-1.1218268164845737,-1.0641312581448583,-0.906597351607149,-1.0865509770926916,-1.099839697969113,-1.0941827588694617,-1.16767778557532,-0.5477486221458616,-1.2037902647675571,-1.1113967543472845,-1.3026090174114748,-1.079106400412049,-1.169206618194683,-1.4303658047514836,-1.0941210899549327,-1.0969258481335027,-1.251897228137654,-1.2733330489372352,-1.1375317174728832,-1.2733330489372352,-1.2733330489372352,-1.336793351117424,-0.9935187289582823,-1.2733330489372352,-1.2733330489372352,-1.2733330489372352,-1.5801779755960257,-1.3987186465730157,-1.4362322289163942,-2.706514522686042,-1.1958341142217446,-1.2733330489372352,-1.3572768161944053,-1.255231965326892,-0.32134186655286295,-1.2733330489372352
2017-03-31,-0.8275560321779495,-0.9600913298469135,-0.9125121833004688,-1.0506107843523909,-0.8776549413694072,-0.6497695978512047,-0.8448966448105216,-0.7924452138464505,-0.7864840078272906,-0.8528595971064278,-0.8649265269233298,-0.7479598352265935,-0.9383961653461637,-0.9258712009849028,-0.9156727889979321,-1.1394145649741458,-0.56861616011904,-0.8386716272478748,-1.0311379286565445,-0.9662388934850505,-0.9404329135278122,-0.9291921456964478,-0.9781986695097155,-0.7287416358390288,-0.8407984309165472,-0.29302865236819736,-0.8529283853864359,-0.9020785343042697,-0.9030008833865202,-0.9099666558468827,-0.9077013843444288,-0.4530970213679852,-1.0054824582918405,-0.9380252497322944,-1.0573023670097197,-0.9706784552168366,-0.8648600935410342,-0.8970969733164397,-0.7555339153342321,-0.8632421533265512,-0.8513449716087164,-0.8165610849939815,-0.7393904503600962,-0.5471101316188053,-0.9758056669064469,-0.8551807697740039,-0.9116012328070767,-1.3078991523744068,-0.837316404922353,-1.2451942268271472,-1.0039531902484582,-0.8491125054714336,-0.5118169731004336,-0.8431636327977002,-0.8795174096825359,-0.9325579350919295,-0.9077442800063715,-0.8461188802188435,-0.7117353787427351,-0.9562060008883506,-0.7613469712291407,-0.873983057619077,-0.6751213195096961,-1.1643482232308608,-0.7763300866220942,-0.8826896445377128,-0.8399400872444645,-0.896366913427837,-0.8154499659386345,-0.9633101926411456,-0.6683929272070102,-1.0068543941664378,-0.8774249812590084,-0.925591281795418,-0.5195587306649343,-1.0128352487620518,-0.9200038843538807,-0.8757435816494309,-0.8117216167065646,-0.9637830386521961,-0.8057096221341732,-0.8793075503798354,-0.853953138385499,-0.782632691532696,-0.8707375007198876,-0.9938916735463788,-0.6032205302018459,-0.9919272157650082,-1.0868077860857208,-0.9150487761501906,-0.9243800089965075,-0.9534135693859123,-0.6343082761108191,-0.8010964798219345,-0.9797404922958152,-0.8643640574579791,-0.9049762838071563,-0.8558977540929534,-1.033044995551887,-0.8429465879083532,-1.042489092783256,-1.075090434631502,-0.8556355062252599,-0.7160991146433636,-0.8019986208737363,-0.9268463652606057,-0.7715160800193795,-0.9613951174409098,-0.8470740333756598,-1.3014970114088529,-1.0011604521651924,-1.0789419623395202,-0.8803090119052153,-0.8643153045355696,-0.9848403128528113,-0.7873323670163874,-0.6731093752272753,-0.8058393894745244,-0.854114905190743,-0.9258731392230616,-0.8176921235758834,-0.9473249021789518,-0.8694747498206712,-0.8632647423107154,-0.8672488325519061,-0.670471542520208,-0.8832286683814347,-0.8528053315079107,-0.8294919609648324,-0.7147095621052421,-0.639296244835687,-0.9352919729423873,-0.8834940268430262,-1.1403391682686048,-1.191681059914575,-0.8245927488659139,-0.9435282629496146,-0.8645897463413831,-0.9718138259433737,-0.9844633281048469,-0.9848403128528113,-0.8679518245640803,-0.9848403128528113,-0.9848403128528113,-0.8534457378512118,-1.295844256532392,-0.9848403128528113,-0.9848403128528113,-0.9848403128528113,-0.9848403128528113,-0.8365984503494401,-1.0238643639081126,-4.063999908923068,-0.5957923569191597,-0.9848403128528113,-0.7969253477530559,-0.9848403128528113,0.41022603432435073,-0.9848403128528113
2017-06-30,-0.7585814476660453,-0.7442000259275657,-0.6623813108478042,-0.507424647666655,-0.6526398651601814,-0.6400264564365427,-0.5818327630274529,-0.5703594295776574,-0.5708688938904797,-0.6136041004466082,-0.7030953854365495,-0.5815318472468493,-0.6673973763008916,-0.687667830208397,-0.6676738347972578,-1.1119513741236156,-0.9870973841119469,-0.5645638036193884,-0.7230219051605371,-0.6484019634443006,-0.6879487656811035,-0.6314864922476665,-0.6792347883906829,-0.5390429792337066,-0.6141617330549198,-0.6655249457988691,-0.6280086411244838,-0.6607490491895702,-0.585642406030561,-0.7350356853619918,-0.5105856559679065,-0.37388389690772794,-0.6855842769949608,-0.6633456880252848,-0.7438702493882776,-0.6912985659809083,-0.5946557654513591,-0.6358005435286376,-0.5179579088355426,-0.635502980974186,-0.5776522969479116,-0.5875428716509579,-0.4801076606534385,-0.3793580176960055,-0.6882422309825511,-0.6968591127580813,-0.6934286499182579,-1.0423625380244492,-0.6087164882286841,-1.319028985223555,-0.650396759302158,-0.5889556349946127,-0.37146274650270333,-0.3803977270464519,-0.8609611467414415,-0.6987897548725571,-0.4636971516369602,-0.5742653003124668,-0.5525573406409036,-0.7236058461416405,-0.48669690227234386,-0.6318727514903598,-0.6576950136579784,-0.45991537596835624,-0.5494165915814695,-0.5793970698692169,-0.5575828268094618,-0.6646915336918346,-0.5532726387300768,-0.7499340764058195,-0.48152182977322633,0.3710048708787617,-0.6619077592368809,-0.6266820883895303,-0.33379470070898615,-0.6114129814441689,-0.6263875882157883,-0.5738822922809775,-0.530380787877507,-0.5993410029471994,-0.5738821274387125,-0.6133763944138066,-0.5647796779820198,-0.4071079395584858,-0.6046503068863387,-0.6467394228310438,-0.5230163457295429,-0.6035534299802875,-0.7944679062130304,-0.6477030818221243,-0.6818871030597008,-0.695003909107154,-0.5639117751433383,-0.5626868739959895,-0.627398224187334,-0.5747160887618031,-0.685640322690828,-0.6879217630144543,-0.6829380410116831,-0.5447699321724865,-0.7441570063419044,-0.7312441345814056,-0.614899217776319,-0.6228374592258461,-0.5590187118630884,-0.6664070219400293,-0.5314219730498919,-0.7896705044745214,-0.6356960858882013,-0.7161653690297366,-0.7130932682771077,-0.618344854468747,-0.6236688933511488,-0.5768079432470802,-0.6655249457988691,-0.4184589998057041,-0.40854587797990366,-0.630408703173737,-0.6469282187627717,-0.6527010398736811,-0.5264371586424391,-0.4663688810254365,-0.5836223346007745,-0.6170514103717027,-0.5383266531001136,-0.445553598776456,-0.5814127091608368,-0.6056003038979424,-0.549846390424232,-0.5791423527401266,-0.4193971132603936,-0.2232389019648132,-0.671084488372202,-0.6518210838995573,-1.066302453012342,-0.40063079115993483,-0.6217997002186932,-0.6765911418879059,-0.6886591896405013,-0.43406246138065907,-0.6655249457988691,-0.6662357357211383,-0.6655249457988691,-0.6655249457988691,-0.6289688031924379,-0.6708320897594038,-0.6655249457988691,-0.6655249457988691,-0.6655249457988691,-2.4838130363988613,-0.5863657910380128,-0.720217507438262,-2.9344868401725965,-0.23121215652704502,-0.6655249457988691,-0.6047535517443531,-0.6655249457988691,-0.4175068918985113,-0.6655249457988691
2017-09-30,-0.45182989526922007,-0.5168785934147309,-0.4357104702917678,-0.23640544125728,-0.37929782029766285,-0.31066534479200897,-0.3349717941046293,-0.37439501960216504,-0.36475488684335144,-0.4148296352903048,-0.30453633082436876,-0.3802769111892876,-0.3123454015162655,-0.49041376038679513,-0.3558631239891631,-0.5996914187055947,0.2340664023777775,-0.3977707244050006,-0.5065310589372547,-0.36909016245293075,-0.3835270831934449,-0.4132057514569108,-0.4650070603618187,-0.46483024039944176,-0.3956286040697477,-0.38992555869571066,-0.32026252502512303,-0.27795197059186955,-0.497480281562659,-0.4834759846973183,-0.44851409035108425,-0.30199571180365836,-0.3783812834673205,-0.43224681540494675,-0.47255381038168776,-0.40745476253083324,-0.4028673917115269,-0.4809925230444728,-0.24386173187502652,-0.4080191360162254,-0.43759624659101165,-0.26907725987379466,-0.326021896036519,0.03814255164005666,-0.4272469927142536,-0.3202676210279266,-0.2712947384141868,-0.08898536118940156,-0.3887003622366156,-0.3670958809620132,-0.32928501495127904,-0.36345602849194836,-1.3867217672059224,-0.11301584687995683,-0.5686102119968628,-0.39226674283219265,-0.38947876718052243,-0.39750579567217603,-0.40015715553030956,-0.4953546032651834,-0.07999342318249265,-0.3597652236472531,-0.3507760421578119,-0.4351697469611885,-0.3250455501722106,-0.303089292893116,-0.3416592123053608,-0.3591185972489526,-0.3500064063679401,-0.3706911954917055,-0.3509893804498123,-0.3210042366844649,-0.45995270978263936,-0.37470770315103236,-0.31912114412464737,-0.4380047233154355,-0.4575282553514,-0.2356692420408245,-0.32200946053879337,-0.31579121445624025,-0.3929496671599622,-0.37515113966406616,-0.3518025898324434,-0.318064137339654,-0.3828098044358568,-0.37838781700451646,-1.1268785336749327,-0.3582747869514862,-0.5690440361659009,-0.37404284577977254,-0.4242505722218316,-0.3842870244579842,-0.5432165261024126,-0.3142845624946337,-0.4508175260456521,-0.2877394594521416,-0.4205507782724001,-0.3757652594559054,-0.47977733625657276,-0.3772743950310099,-0.5728314439055465,-0.469150854493004,-0.3312071726490577,-0.5820460505629683,-0.4162850120884839,-0.34149864288435927,-0.259456348185326,-0.2989677380593987,-0.33162233733161206,-0.38870327846913655,-0.38788342246320373,-0.9226930539199133,-0.4336814581224984,-0.38670472568391606,-0.3866165290738884,-0.1522156371466301,-0.20545616891237384,-0.27545201696426347,-0.44237262221271223,-0.534578027802725,-0.36635613504997155,-0.3809013501270725,-0.3400862384129065,-0.40750561892331416,-0.37408332977521724,-0.4683088927449949,-0.3428594987969664,-0.32199367505929916,-0.33664626654245783,-0.30392970829831367,-0.6161029816777557,-0.4642639682941682,-0.439519162992242,-0.30275446909716663,-0.7572887401937098,-0.3075167628560839,-0.4708274506655391,-0.5056709374509478,-0.6443660275068794,-0.30832282499489944,-0.7145149811539895,-0.37504720098041716,-0.3866165290738884,-0.6934614557326786,-0.3012134367373243,-1.243181749100731,-0.3866165290738884,-0.3866165290738884,-0.3866165290738884,-0.3866165290738884,-0.03885151952305458,-0.38703327560299583,-3.153353347847099,-0.16751304809057396,-0.3866165290738884,-0.13460987744663108,-0.102856571065124,0.4005271896368654,-0.3866165290738884
2017-12-31,-0.2901705963463277,-0.21525634572448832,-0.32600364206702315,-0.07365974676211753,-0.22250315767224965,-0.3332961438098464,-0.05357897185981751,-0.20155651820461967,-0.20646559686326427,-0.2313464949206092,-0.3788571538065572,-0.2893778674243165,-0.05536099512200654,-0.32220501712340993,-0.3112026833501242,-0.1955123073099747,-0.1709208909278674,-0.23339395536746294,-0.36726379942956094,-0.19616009087068173,-0.2217717809656448,-0.2490983000336598,-0.31220485820848093,-0.2406024330435488,-0.2445338888924564,-0.22283923427508162,-0.20481234917173355,-0.14712063932433875,-0.22951699176632528,-0.19154706745906439,-0.11068540708056075,-0.6718932096709294,-0.2326999667751142,-0.26617568122334007,-0.3285833936180923,-0.2512433880847912,-0.23287891322182924,-0.11746450794297593,-0.16053897855897098,-0.2442267500782816,-0.22822286847428716,-0.11018794543078632,-0.25443650097286163,-0.07328509210425442,-0.23415788007598096,-0.2752127007023736,-0.19334098376847828,-0.28750988929825533,-0.15602652412859114,-0.28360682941753385,-0.27610432658654926,-0.17188571214943352,-0.7914124717046216,0.02545359615774529,-0.19741590556982708,-0.17099309038369354,-0.26709502451808054,-0.23035343707727968,-0.18903132075085954,-0.2829933217568863,-0.0035377708902245087,-0.15445575734741904,-0.17990437270430956,-0.24983648924392063,-0.2318246924122128,-0.17027761213680234,-0.16488683378170624,-0.09907031284687233,-0.15270915763483592,-0.27243676733115835,-0.5204004650008021,0.4938455886935592,-0.31207828931343284,-0.21917733987315793,-0.2624769522852578,-0.14153654207537872,-0.23239981976523705,-0.04782366489197191,-0.16361573505125543,-0.13363687163364438,-0.12776649949624014,-0.20678681429181361,-0.17586060551001775,-0.04985406612817446,-0.17296529154457835,-0.24551239196655208,-1.0921975303711444,-0.16201690346949235,-0.3375303063919479,-0.2672265077689907,-0.21323421372699888,-0.21086566768668888,-0.5772396905575258,-0.19337033946852297,-0.3551406950074966,-0.15312295891377734,-0.249793654742561,-0.21484560908228317,-0.2695280302834158,-0.1686435357412244,-0.2974985822965496,-0.27487162112206576,-0.12552319061744596,-0.46055608084255123,-0.24416853365956223,-0.14820597658675302,-0.11440021109223851,-0.40037547933375234,-0.22120923252348618,-0.34426682032187916,-0.22654888232601486,-0.3168003798346381,-0.23903332430579827,-0.2585848935797979,-0.21182847143027744,-0.02020741614296411,-0.26002112116368264,-0.0502927008718531,-0.2719992736191914,-0.33060929928020133,-0.205261407183962,0.0518062503433796,-0.29707175014885695,-0.18382102741897002,-0.1887828701819268,-0.3182838933957082,-0.20818569430835682,-0.27091477655392115,-0.1402846032329706,-0.10754408535173075,-0.6901473929960215,-0.21182847143027744,-0.21951973415750153,-0.1195547930155525,-0.5936574133729238,-0.099983553835246,-0.30350999767340653,-0.2846870599476164,-0.480049462075027,-0.2555241789963211,0.09656353667945897,-0.26535260933178334,-0.21182847143027744,-0.21182847143027744,-0.17897453174986125,-0.47165605426787643,-0.21182847143027744,-0.21182847143027744,0.11782299405838399,0.031114198688447923,0.07574985724029312,-0.16067900459434994,-1.23974866448998,-0.1358108931433881,-0.21182847143027744,-0.03906008250445676,0.29431698758680014,-0.5835138179548706,-0.21182847143027744
2018-03-31,-0.2666119342252472,-0.19139351279965477,-0.3636578565570205,0.0728992479659399,-0.22464102890372192,-0.3140025300583797,-0.028697277561910834,-0.2419174607032166,-0.19764605288804737,-0.21901184480569544,-0.2409044078646514,-0.35729741212163235,-0.006887014265686571,-0.2712150428586649,-0.25598554333424695,-0.18001932481430136,-0.14245524467982265,-0.24796637346089512,-0.301539733777817,-0.1270940987648734,-0.26722042154970754,-0.2306568761012475,-0.24467328021669085,-0.2858177535293646,-0.21625465148848175,-0.9232178317910001,-0.2452412592961558,-0.20352979179298344,-0.18010869204063543,-0.1237187177280285,-0.25740391714016925,-0.4379620440622503,-0.22147982825827836,-0.21330090077808228,-0.23206340699388048,-0.22549234911793217,-0.27414953391535335,-0.20263163743510929,-0.19566616570218767,-0.2732769818673232,-0.36726281501774327,-0.08208628370396949,-0.22519809908676772,-0.3220649997170811,-0.3312929162163752,0.01663124160196187,-0.1660778036424836,0.16054286628584458,-0.20183627015942832,-0.18668927078233907,-0.053137296358312915,-0.18557668377980086,-0.503620535770312,-0.18102235378708798,-0.3570782226096618,-0.25097292468005195,-0.25573554005779225,-0.24331161459861958,-0.21988850665454251,-0.17467668164848374,-0.018125456349694497,-0.10563539661975385,-0.21966759652517567,0.10816562906787401,-0.1965841387698488,-0.12079375949467308,-0.1441105866474837,-0.21502544596691633,-0.10155955819316383,-0.1768623118016364,-0.34229046716746375,-0.5079785108874643,-0.27517734953678524,-0.06588551041768487,-0.39950808876338045,-0.12862842188402177,-0.1144824927647476,-0.13514458066396182,-0.18740880472457674,-0.1541246936566045,-0.10473604529294427,-0.18931582174102332,-0.1994569118836128,-0.029023822077977823,-0.11051361544208083,-0.1237026002270537,-0.47411438367624253,-0.12305966082779536,-0.33289337603316144,-0.201181589830584,-0.14254863538515458,-0.19490356321667154,-0.32520955731759826,-0.11374125887957391,-0.3212145622137504,-0.13245252569793975,-0.33497160266287684,-0.24096339168623507,-0.22358335567471574,-0.052456928157986714,-0.139875788318828,-0.17223072574134649,-0.10077147611925008,-0.50116096174099,-0.1700785604581868,-0.16393791631793142,-0.025068066033518115,0.31870949937027304,-0.14481868355192573,-0.02345144322749874,-0.1831380336800377,-0.11386339102021732,-0.16725023385364468,-0.19478472997198362,-0.17375519959933505,-0.00495550431929311,-0.424999281746756,-0.19590605973650488,-0.25798000028399554,-0.31506354568383194,-0.098858547091491,-0.06163938211923529,-0.25274895900015754,-0.21912125829254522,0.003929072169767715,-0.19207036029197377,-0.1396729210045046,-0.16643398412499366,-0.11300496720777771,-0.30248427183339927,-0.40055456585588267,-0.1450327826138858,-0.19077148090520826,0.14356707313311612,-0.3335384868982009,-0.131660224470064,-0.23961580418586273,-0.25635652838302675,-0.3576683828938729,-0.05626503663398186,0.5660614998908795,-0.25302380029800037,-0.17375519959933505,-0.17375519959933505,-0.3185695150278565,-0.17375519959933505,-0.17375519959933505,-0.17375519959933505,-0.17375519959933505,-0.17375519959933505,-0.07573404987489674,-0.14749276365104794,-0.17375519959933505,-0.19139668973015514,-0.17375519959933505,-0.26237947777993514,1.5105368175058025,-1.4351173901410468,-0.17375519959933505
2018-06-30,-0.19014216566933526,-0.29272219572355745,-0.3675123487077498,-0.20149460472398598,-0.24185044341331888,-0.17392741145694463,-0.0026871680062672434,-0.19690496016817205,-0.22780975563114522,-0.28309438631512057,-0.1716430678396028,-0.2796374001521628,-0.013813463698924102,-0.2420540811237825,-0.2994824528789079,-0.26624893914702186,0.20371800907841286,-0.31025761130191876,-0.3813524400054484,-0.2749670927905065,-0.318174160640987,-0.2848800416358591,-0.30663673684271264,-0.2636785353672676,-0.3167767879123876,-0.24431824041205757,-0.3212663935231804,-0.21319814542513288,-0.24560029853517015,-0.2059971245495628,-0.20616621958937673,-0.2867399059865688,-0.34062696397112135,-0.24753925819300296,-0.31008901758999663,-0.3059093055242564,-0.31367894126582324,-0.13410834961593446,-0.2369119041311172,-0.29748057783742116,-0.2421103969839716,-0.07438016013168772,-0.252319195312862,-0.4166468823909369,-0.33073555626002477,0.07095892236731675,-0.35192617154764066,0.18522599712028043,-0.1270852981379004,-0.26789076628116587,-0.39045044329700834,-0.268095884411115,-0.4541823779492097,-0.4925964017366465,-0.24547663292139899,-0.2769705513930983,-0.4183130967607828,-0.39232048526725083,-0.34552546771853887,-0.22483668020447756,-0.09541507905834885,-0.12754704001993236,0.753132952894086,-0.2339957678780643,-0.2896306341371658,-0.1769059778312872,-0.21235641152231866,-0.21028321957330234,-0.16615177709005055,-0.23600454495795478,-0.28747876373936665,0.05332865888532293,-0.30744782620647254,-0.08687428830482408,-0.3860623564273202,-0.12457056263130013,-0.22656713833615763,-0.23046223370508007,-0.22829933031917088,-0.19812998591298508,-0.11785039076643612,-0.23961228400309986,-0.23745147675889913,-0.17933002954843308,-0.14718636632339066,-0.20636623389050127,-0.5363591021042887,-0.20969257880500966,-0.3949371474638699,-0.25447676856592216,-0.18174196135767065,-0.23553754071659277,-0.22812994084776833,-0.14657297056823698,-0.3506913766234815,-0.16105792414984318,-0.31375886664718167,-0.23214634953022376,-0.44487681702072024,-0.15890174682527752,-0.3850349611891574,-0.37502396733025617,-0.2018581506088734,-0.48422876000948034,-0.25515778203449296,-0.23670775957830875,-0.0954647104830744,-0.2905057621394174,-0.23367258953344208,0.1721646966655453,-0.27308850664714357,-0.2548015039502431,-0.25318605183241627,-0.33031239554540004,-0.24431824041205757,-0.0748893186198435,-0.42804729503485767,-0.17025138683105043,-0.30346032281944135,-0.34172651454325637,-0.21888286314886982,-0.1592220790601771,-0.29260282904804336,-0.22775974270070612,-0.0999979968575284,-0.22603183891778633,-0.2174674705367662,-0.21853826431379492,-0.1974989233909798,-0.2382555419548375,-0.3745220638209973,0.01771442145623836,-0.1636181201185406,0.0058810090858158175,-0.2355800767233351,-0.13238774779521884,-0.3154873061707123,-0.2749086143548249,-0.4631042057742428,-0.4937160674229226,-0.24431824041205757,-0.16583713019313484,-0.24431824041205757,-0.24431824041205757,-0.2775182254895846,-0.2561759850141543,-0.24431824041205757,-0.24431824041205757,-0.24431824041205757,0.03344467594519047,-0.0904816044206509,-0.12048846074402338,-0.24431824041205757,-0.2519650971094723,-0.24431824041205757,-0.09165457795010178,0.037494193905607535,0.7695935588616968,0.09466016322365424
2018-09-30,-0.28515828858119663,-0.40375952330043546,-0.3742149905790177,-0.2841447582849067,-0.29361047840788135,-0.40430238727323525,-0.10099573204684686,-0.24272297506333929,-0.3061388903163468,-0.4198621743479841,-0.13577829357750412,-0.28487419005218706,-0.14148092770549855,-0.38614512590865285,-0.45508176001311684,-0.3265952569831652,-0.3333023450669025,-0.3469264088972202,-0.4466816358374444,-0.31753250540888256,-0.33083140640240966,-0.33806793580812194,-0.4027390057390989,-0.3271574113125408,-0.3152876208384056,-0.6855652769040275,-0.38906997190704473,-0.33199746393774,-0.3415837219847341,-0.09801751282478988,-0.18923409132805738,-0.38208321798859135,-0.4626239455277218,-0.3560843808986124,-0.4704014078977817,-0.44570043215996424,-0.3436674584423323,-0.25169143542143374,-0.34470174528159336,-0.425337993789074,-0.4168406171965807,-0.12408863823255437,-0.2501570854505088,-0.5005558650550478,-0.4404389582551505,-0.11833074242604624,-0.3888333138013404,-0.3074825990435284,-0.18841567594980532,-0.31247050571038926,-0.3748864456592953,-0.3288060422375802,-0.39701620440903057,-0.559858094122563,-0.34042804386119485,-0.40584281953451307,-0.46118615040151806,-0.2841754418797547,-0.20947563172851205,-0.34712346440814973,-0.38178247570154983,-0.21670730508888472,-0.25038852884261037,-0.19292891904467482,-0.4426454408710801,-0.3238518198682153,-0.3549337921998347,-0.339123786691263,-0.2918838371201272,-0.3568778739587141,-0.3685625294307385,0.5797376316367223,-0.46197172729819347,-0.2924721144896015,-0.25607612077356856,-0.13214877150686638,-0.295672159635661,-0.3126784496761031,-0.3378924422816283,-0.271075797318473,-0.16366372472691673,-0.3402239740545516,-0.33760264454562144,-0.28587401103072746,-0.2761197905926374,-0.23183967967351132,-0.5321793812694656,-0.29579527197945665,-0.5279581730689781,-0.37009194603107065,-0.29890376761556503,-0.3235219392018894,-0.2558657951568148,-0.2133406738993678,-0.4529542833383968,-0.3480711660853357,-0.3996577553343265,-0.4038274666558719,-0.45462441060317904,-0.22591051035569026,-0.5035053962696175,-0.5027265289655717,-0.25611363105698665,-0.3908083044786431,-0.45684095342625736,-0.3430441727022879,-0.24222493360423175,-0.4152182411121828,-0.2850333399877197,-0.004834249858041246,-0.3866130541832768,-0.37101917531762035,-0.29374427961574046,-0.4551297251983049,-0.37088677755695443,-0.2381485383551028,-0.1682814107411452,-0.33336720116674456,-0.43114617069733374,-0.2926904527194435,-0.2888683031660051,-0.1265978918760974,-0.27672020884977516,-0.268720146819701,-0.14130164125693476,-0.3463165075497377,-0.35259153021026624,-0.4317957098865549,-0.2729941369094664,-0.2804429213559662,-0.44442897655176905,-0.40995568258423043,-0.3263666234623438,-0.1423702064489869,-0.31671735625793473,-0.1333644415607173,-0.42228312238643173,-0.4215845544935027,-0.2586254923066872,-0.5837736828488289,-0.37088677755695443,-0.4369468237236987,-0.37088677755695443,-0.37088677755695443,-0.22274648939111757,-0.10739538797738753,-0.37088677755695443,-0.37088677755695443,-0.37088677755695443,-0.37088677755695443,-0.318877284319187,-0.2399869880878558,-0.37088677755695443,-0.26376307614556216,-0.37088677755695443,0.03424955380481081,0.4942508893716019,1.1133057753791085,-0.37088677755695443
2018-12-31,-0.47136121471181147,-0.5061972466975762,-0.4308601828601809,-0.3781195897282904,-0.44441438485676393,-0.38353766479099516,-0.37799066713387564,-0.3018003408224884,-0.36076733007034445,-0.510647123204143,-0.2868450240468027,-0.38292391593584807,-0.3569545530253505,-0.4836188069474491,-0.5963271095891989,-0.4991835555704428,-0.3022314838015295,-0.433014565183051,-0.4942229423891876,-0.22630930110138225,-0.4445086358654805,-0.3955681207521828,-0.4606558321357006,-0.43276354222821695,-0.41316931103975835,0.2243463001018166,-0.4318709792554085,-0.3903419659306152,-0.39226440511413824,-0.3932491167060274,-0.46710632522186324,-0.5081077131384893,-0.5316591740215231,-0.4892389585314862,-0.5506716430481894,-0.5205801957569649,-0.4363231481297971,-0.428163903910313,-0.35094479865966927,-0.5087132646328842,-0.33928580713027084,-0.23099815622221945,-0.280375050966476,-0.39350962090352815,-0.6344532428764975,-0.15042771701642502,-0.47561586650486354,-0.45804379213651153,-0.30929410112481653,-0.4000646330444732,-0.1513292110014101,-0.468192567464457,-0.48362485618124545,-0.6513754156380843,-0.5434032209153996,-0.5506412976650452,-0.45406751291183756,-0.31171405309705186,-0.25048931235140726,-0.4039884598924989,-0.286954447706928,-0.3211906792704732,-0.2527714385180654,-0.11360063014364839,-0.4791224246698362,-0.34749530598519535,-0.4217126073501732,-0.4471164130948939,-0.3988887994832406,-0.43518241632198446,-0.49877706580189674,-0.01839213754734647,-0.5204211314308604,-0.3949283942185979,-0.325701839977151,-0.28209388867057905,-0.3827284916131198,-0.3357739334325659,-0.41696477180625935,-0.43018243264440564,-0.23799123156073895,-0.38864974385159756,-0.4207338197359149,-0.4395817540520017,-0.36795922126041164,-0.3980684860916948,-0.5259084982532938,-0.3558241236949608,-0.6267003518233706,-0.4301852122866861,-0.4292346177362472,-0.43224766521142954,0.1823671696422216,-0.33110474688060426,-0.45320261694436026,-0.5002342029178025,-0.49955454768019086,-0.5806591140853293,-0.4496425222180949,-0.38674994677920466,-0.5003704109351961,-0.4690840564974236,-0.30885365016914457,-0.43537858821356323,-0.5366937439862782,-0.38103516601949583,-0.3207658008707971,-0.4700228086406658,-0.33327950178721744,-0.21159942309785995,-0.47960786115305043,-0.48955412349688027,-0.40762106838409085,-0.3061200595154166,-0.4657944186313258,-0.31102734764865114,-0.3945656050573633,-0.576057535853742,-0.5006563709965227,-0.48182311767357755,-0.3040837892273993,-0.2821337393584071,-0.41261097333492197,-0.4550789967381049,-0.24313362195784033,-0.46303351549788563,-0.407218133973894,-0.4739780908218654,-0.3831392676873992,-0.28594937506788665,-0.501950762323986,-0.5353372028010037,-0.5242085930337775,-0.35432543232688035,-0.4816786438969555,-0.18609297139967593,-0.5246744610472084,-0.5505675815199329,-0.5794103830360595,-0.41676661474425125,-0.15103310130473954,-0.5276049505858631,-0.4657944186313258,-0.4657944186313258,-0.47964159727330336,-0.4657944186313258,-0.4657944186313258,-0.4657944186313258,-0.8208036891575765,-0.7274249864514916,-0.5070704207350862,-0.3496647294462184,-0.4657944186313258,-0.2298658211793185,-0.11078514810507506,0.38790791443576733,0.46373152080309754,-0.21737108560842874,-0.4657944186313258
2019-03-31,-0.4151581435493104,-0.5228774516403428,-0.3540882616030647,-0.33065294587502714,-0.3201938864770737,-0.4705760341573011,-0.34864654672228534,-0.2854638976068401,-0.318743954169378,-0.46727072939624825,-0.22038163389487403,-0.41954090216962125,-0.2746101351024819,-0.459346287298715,-0.3533230074367484,-0.4731511287435048,-0.20012468339845776,-0.3508245997437499,-0.42824124057823515,-0.18906724089723725,-0.37451923434682904,-0.3795848636125655,-0.5206618460595895,-0.4470600660164339,-0.35439023446086115,0.5169091922641901,-0.4039039477643109,-0.31956148544202645,-0.3292698074550013,-0.3924013313183068,-0.3446819641612743,-0.34295731946447805,-0.49043892578081655,-0.47790368711110465,-0.5219525173870461,-0.4851680421362048,-0.3500886219903673,-0.46417165800701427,-0.31360626758986077,-0.47028050077869843,-0.3431574121884599,-0.23875419271600457,-0.2012746999754949,-0.3437328731943019,-0.5249697631422698,-0.15821427046229128,-0.2942807052211686,-0.34616286401914376,-0.20860527942712073,-0.45627415225996376,-0.5137181191368465,-0.4389364461324454,-0.3359792745450102,-0.46958932643325646,-0.43874104949686543,-0.49277344636059855,-0.5975196388252538,-0.35000283433740553,-0.2808321369567603,-0.43846569418192016,-0.28528872792188725,-0.33523214052251166,-0.3151707075537935,-0.42552044993388866,-0.4513033463575299,-0.3103707406113451,-0.3705410096725033,-0.24030305585145728,-0.41805979248749153,-0.3731460676730866,-0.4047135533115993,0.30928515070613743,-0.5105999280148223,-0.43654772551443355,-0.3782478104615691,-0.2796979048363506,-0.4469365161493046,-0.19681003588050056,-0.3772537846511398,-0.39376482098259863,-0.3440200344808554,-0.3611747805660484,-0.35145302588085825,-0.4439594013222008,-0.3899283020796896,-0.46173467246462935,-0.22303206174869505,-0.30928767402254115,-0.616787473613577,-0.38112053523041156,-0.39609531460690395,-0.35104614522335387,-0.09500602191075537,-0.31485104434310757,-0.44148066626030563,-0.4563665252797834,-0.41169648673270537,-0.508691325547809,-0.44760437635097744,-0.3748949873952725,-0.6732446826063766,-0.6527105682617835,-0.30660560110012197,-0.380613920712448,-0.6035785139848385,-0.3778488108292486,-0.37220354465141625,-0.8545539318455533,-0.4011367751961747,-0.30742067895376646,-0.44715404896513206,-0.40930748390955646,-0.4182291490901197,-0.3877291847620104,-0.4686306870472102,-0.321798947925997,-0.390495332357788,-0.4582891681057542,-0.47425816790249586,-0.45231792018553346,-0.25342139236365324,-0.2914559896707567,-0.24003083226428718,-0.37484210175806987,-0.2522533333424254,-0.2503752807711093,-0.4188103490697336,-0.42100102876414375,-0.36440074520350696,-0.2638964550038064,-0.37923021826794007,-0.1582344861522575,-0.484421864032855,-0.4063247935216377,-0.4593351227168482,-0.15893103335958939,-0.6701423130550552,-0.5539208800924553,-0.5505319942407622,-0.5139490038102552,-0.8269608938707846,-0.4990900758083423,-0.11362141652095946,-0.4686306870472102,-0.4193330270920025,-0.4686306870472102,-0.4686306870472102,-0.4686306870472102,-0.4686306870472102,-0.4686306870472102,-0.4362089404244643,-0.3238343568469318,-0.4686306870472102,-0.10643632732033813,-0.4686306870472102,0.15611736687401628,1.4617017933984995,0.9455780464592666,-0.4686306870472102
2019-06-30,-0.41588252779603796,-0.4655090747589749,-0.25457678141912576,-0.36021926081005723,-0.34946618086395503,-0.38727021702658276,-0.4331254872133557,-0.21168667368396446,-0.37776307600747955,-0.3586705521252783,-0.36044858688442516,-0.3239349235785181,-0.4068553376017754,-0.36771149968318145,-0.4783603632389091,-0.413460154359471,-0.23833039835498593,-0.2867355710865933,-0.33321503467618135,-0.16930768670812046,-0.28323661186651733,-0.1788021263396165,-0.5091681103567504,-0.4036154690911791,-0.34889731889827313,-0.36631740276920116,-0.29872391823843664,-0.4917862137463461,-0.17251866336441235,-0.28835936582090854,-0.35775988626814237,-0.42747072876166653,-0.41379896476955774,-0.33365305823686736,-0.48033173541284047,-0.334346884643882,-0.22548955803492485,-0.3507954984587781,-0.2803133821984348,-0.3659893746388537,-0.6210928799426012,-0.16822365029085298,-0.35418254509749286,-1.0757349450691776,-0.5213293689225448,-0.1510854025066068,-0.3837025339723059,-0.5502099861331934,-0.281418657172279,-0.3603705550115283,0.03275380832902245,-0.3655200275706747,-0.24126190930314467,-0.3491404280992805,-0.34547245976532837,-0.44891796144649676,-0.595442987688259,-0.3191445720823506,-0.32625200206848304,-0.3156738474527584,-0.2617710483228159,-0.3261348774360868,-0.26234057909873204,0.507918059656741,-0.35701981781881753,-0.3264708469817916,-0.3248314143317725,-0.38019433067771796,-0.3730923462466388,-0.4302714999279938,-0.3970127202117607,-0.25423161184886583,-0.46792394434427603,-0.14717303393497483,-0.34587235293030116,-0.3335903427212204,-0.22767877357138547,-0.13868666859309392,-0.2278660508056303,-0.02784966304927985,-0.20465097271667176,-0.2830818946814632,-0.25503669529799483,-0.36791918131143836,-0.39772588378389373,-0.34799122896380325,-0.2016524258603119,-0.2057538371832632,-0.48302169861493943,-0.4016080942708691,-0.23274444387636264,-0.21275873857258842,0.08439480227205874,-0.40658535448226363,-0.39284819273832494,-0.4345400618721423,-0.44126132521584055,-0.4622941053218341,-0.23162651975040263,-0.35073581846378166,-0.0933748458193078,0.13237712490460304,-0.2954130677258085,-0.0988864485646331,-0.5770809233984867,-0.42205454847198737,-0.34389701090068187,-0.13263191207619762,-0.29323845445854546,-0.37562798215243115,-0.3992724495817196,-0.4216941072040746,-0.3664006711785555,-0.2211762978120461,-0.36631740276920116,-0.35989950311346397,-0.5167107793977771,-0.48732671518326676,-0.38639734570845047,-0.4315622772692862,-0.1981290682581492,0.07918506481110084,-0.12854949839664861,-0.3975238803516708,-0.2496004724367798,-0.3614742128253621,-0.4201629162601208,-0.35450582221411575,-0.38657494387628444,-0.35703395462937415,-0.4383842399093355,-0.6234924744364642,-0.4990536420642198,-0.44080864579253404,-0.4589736336106128,-0.1723207707947546,-0.47603381311054116,-0.4922780905651817,-0.48077909156735743,0.0076243260929009455,-0.047614731508314016,-0.5906730300148176,-0.36631740276920116,-0.36631740276920116,-0.4730959028806175,-0.6419727057273635,-0.36631740276920116,-0.36631740276920116,-0.36631740276920116,-0.6440803191264491,-0.46927413127551715,-0.25325763703147613,-0.36631740276920116,-0.2885353551109555,-0.36631740276920116,0.2892609977379753,0.4983787080100406,-1.542378965951072,-0.705295806404913
2019-09-30,-0.10045966835254486,-0.19154642883724426,-0.09752142872033083,-0.17013684794508482,-0.13663625887609115,-0.19329690004217895,-0.24952763396330738,-0.08349358948938566,-0.11235974725314851,-0.17568297028080357,-0.2937305759980991,-0.2680601428880754,-0.029435655976944062,-0.08225161575759618,-0.24001942187617584,-0.16329583489655827,0.056178927859551614,-0.13454130366070668,-0.16820271618917987,-0.110050656775942,-0.11510825082172893,-0.13494627230026926,-0.21533144052115522,-0.1393642118336849,-0.12347355021197437,-0.19500390773688997,-0.1509361512374836,-0.19009336393171714,-0.07597268930137285,-0.32677565123726643,-0.2199519050614584,-0.14019100972023224,-0.19770712691012907,-0.2263823700355965,-0.18640097533993344,-0.17296039393335416,-0.09771511958629656,-0.20152886679576526,-0.10231374437178473,-0.1332634765227654,-0.1243750623150335,0.0016673425347140626,0.055652678609190126,-0.1654217651186016,-0.2594485363560694,0.08661736765071702,-0.1643555468996744,-0.13397056356321183,-0.0631807447551384,-0.2595904714630646,-0.07606490438147712,-0.1604970074982686,-0.1239309762969733,-0.16108859572727674,-0.20874678029649918,-0.19061067311101593,-0.3279323485756488,-0.231532048267759,-0.09584376147287986,-0.19380396914022688,-0.04635523000501573,-0.13170835383455426,-0.07805486252581284,0.20621985354190814,-0.18616446735693637,-0.056224646691864846,-0.11379045065965815,-0.07906963039243003,-0.15995309117502998,-0.14879626701966941,-0.121513871626792,-0.022253969455311832,-0.21518447667748386,-0.07354845753441373,-0.15263532540735908,-0.08168090604555572,-0.12672370916554762,0.14002415180206398,-0.13558320618345368,-0.25765491431570986,-0.07615746597067605,-0.09219169304127164,-0.10413515383010302,-0.09349528851534107,-0.1547928774797368,-0.33357930137652286,-0.10291984903524008,0.01752760401465677,-0.2556935827076728,-0.0793617168429238,-0.05643526959021857,-0.02134689643387192,0.08832123057681654,-0.24659862250007392,-0.08396461738462478,-0.12135107262879383,-0.19917069010064362,-0.189648433556464,-0.16029176515534344,-0.09524925133922497,-0.2220158002843091,-0.10978498986180235,-0.22212668364427507,-0.09564625692171538,-0.19419088670980328,-0.06612463087017417,-0.07825346287297542,0.23137449031508592,-0.26769400931790427,-0.17333040904911826,-0.19445421060446227,-0.043413146275101254,-0.18636836011529184,-0.07888988000385523,-0.1858233879190003,-0.1234181354026373,-0.4840329348011089,-0.2725315379619478,-0.16634995621068066,-0.27222439150449074,-0.07402310624079024,-0.20478174724953524,-0.13590120367603153,-0.11137885382243394,-0.13822071758638674,-0.02614076499042673,-0.20337176287124753,-0.10917898200699688,-0.1925601487200117,-0.17385934808901676,-0.1978582639085612,-0.11786670276491747,-0.02519432499800209,-0.1167549430598908,-0.15935590940615305,0.011493642271808447,-0.27055705742179753,-0.2653738584881673,-0.48574799633933863,-0.13536493395469065,0.15125558397899053,-0.16745647332007474,-0.1858233879190003,-0.1858233879190003,-0.2758683629052575,-0.46958334592776463,-0.1858233879190003,0.16842047254162212,-0.1858233879190003,-0.1858233879190003,-0.16705469454786173,-0.07363499852714753,2.3986520349469234,-0.10681438959464301,-0.1858233879190003,0.2513864676828485,2.6286055797139722,-0.22847699868821142,0.4763264239798228
2019-12-31,0.13284661023779148,0.03952863124897753,0.1121617189846549,0.03987542047747477,0.044389649482858055,0.011736018345575215,-0.03689431169844039,0.09668799325339712,0.03961727355088908,-0.002896999179602502,0.0874556753492016,-0.13458474501925394,0.1258185627779468,0.05245763926611062,0.06664281699563265,-0.03297542705787192,0.1526627087456343,0.010088132410547889,0.02859034265443624,-0.05237027837866864,0.051776626771929464,0.0681233366217184,-0.004977981707749375,-0.01971904514238548,0.05889740373690392,-0.6661888662839176,0.10495781458869669,-0.11516440759988189,0.17060239107681685,0.17353906973351008,0.22764634652311244,0.07138778147003581,-0.03077623313223374,-0.08806994152711024,-0.02126355738471351,0.005855777091570078,0.021405435862036873,-0.04269524754341351,0.006855189563258086,0.02324730251384418,-0.04157937318442763,0.18110078757658526,0.11458390985612928,-0.03724533449029598,-0.04743787453155861,0.06896780750827486,-0.034527742422265945,0.29253400569251975,0.13537870513143477,-0.11105022582534864,-0.26808616269197605,0.07486253640700789,-0.005107771856838263,0.040419062842041706,0.10899336637654838,0.043069794668832574,-0.07556166968490635,-0.1623423382098818,0.1250960310601162,-0.06743872766247438,0.08028279508571255,0.06651840414630736,0.25448048917196014,0.2735888295957919,0.008552199315469595,0.14375500429487767,0.04418558434006027,-0.005667296561756181,0.04585929915767876,0.13427416617899876,0.08357696752616972,-0.020503032234704843,-0.09398690033633904,-0.05637478888385307,-0.11421031623205943,0.09729831310266385,0.055761816174256434,0.20827289706405402,0.04084506428356946,0.10486746933404155,0.1532814216812165,0.07623464874904055,0.03782701128632557,0.15420809051918682,0.03397473830312585,-0.02443065137832086,-0.1404347010120173,0.15249016481894853,-0.02889160935594876,0.059805788493322416,0.07531941125885556,0.08853225008548221,0.032487991646471384,0.19654679799352515,0.33320540200258664,0.14177844872314732,0.00959069796095584,0.043070732750693924,-0.00338759975557583,0.13451121565501067,-0.05968765892119306,-0.04283616620398993,-0.12481383473622144,0.35230353115615176,-0.1296729645026781,0.021762445934518003,0.11410117703234611,0.6962411275860494,-0.017325805159996727,0.16160538593164656,-0.016722480955948596,0.1480759292234503,0.031224135540006692,-0.033712402675241185,0.023951852449224716,0.08704686682942885,-0.07075587468366842,0.0505217407213806,0.0033544073460228894,-0.0681505758336316,0.0923137733313444,-0.3378463338722036,0.04606062879085481,0.10440958047866317,0.08194241683936919,0.15783988295719975,-0.021692918407219396,0.10740348342402584,0.004898554132615059,-0.06745791304709889,0.09497356451432354,0.025537951464819776,0.06987404756580083,0.1835803455557943,0.02817621095938189,0.18709340771964034,0.04046912798884735,-0.11366648001475327,-0.10382917509187228,-0.008504592288051168,0.03918371556618286,0.03965087303107369,0.023951852449224716,0.023951852449224716,0.07778195977944892,0.30171476880647274,0.37896112297547546,0.023951852449224716,0.023951852449224716,0.023951852449224716,0.09345539703674834,0.11009441989382104,3.4913364097426434,0.1276066034931634,-0.33105741807702604,0.14776328769201677,1.640456303355525,0.3741476267090305,0.023951852449224716
2020-03-31,0.11929104613139795,0.05666953656831787,0.2970916991572397,0.0675248123206485,0.17719932720104792,0.28023810488296336,0.4508911348635217,0.23864168082886694,0.020089556196374075,0.03783137805706606,0.20848674831662203,0.022131424341647703,0.19470301067519563,0.22016737972844128,0.01578221748289147,0.3482996752727656,0.12431065169258966,0.04747355485759176,0.17748984039996693,0.0528793114555652,0.11889532772235639,0.20384136591430038,0.05162907566977852,0.11974672485455702,0.004745986998463488,1.112225019863839,0.24347957967006698,0.03700487187062128,0.10024008115525802,0.0770155511806086,0.08374940132715111,0.11821235242051828,0.09601515863630808,0.08367958866000978,0.05008837959279695,0.11513699661391213,0.06193664255086059,0.08550612905535725,-0.09183946677876732,0.10169921011344543,-0.10548810439165959,0.20286920832881514,0.1584366656874771,0.08360495218742463,0.09992650545722485,-0.008687898998622937,-0.06394585702239355,0.1473488643608428,0.13545355461018124,0.06457134020537973,0.6242487062856289,0.07656464910703226,0.23477788744529407,0.08922669545337321,0.1432025192158067,0.2347080829809189,0.1673780673150533,0.16212326913883704,0.06381912722195468,-0.03321612040145446,0.11539055587938034,0.17766545409534268,0.15379609923556903,0.656400941314584,0.17043798639382274,0.008888566296893607,0.2239130946880879,0.11893206301720831,0.12917665459409974,0.18936999717674802,0.11715029479929515,0.08014924207851151,0.06550162318220541,0.03592428764874868,0.08937324604156129,0.5249109667962126,0.3897531752247544,0.2500926355889369,0.1520741653126435,0.22815343101272406,0.20063720604000573,0.08705540449233913,0.1108891406019729,0.2560647168281325,-0.012715978203884011,0.12019984283099065,-0.1502646052661648,0.18797894668607246,0.1622549081812209,0.35399564529239463,-0.06283623976310741,0.03070988300974629,0.21784943407847113,0.053556504550150416,0.1757518064826562,0.15390151215950768,0.2339324770909597,0.10070735449581528,0.1262979665660603,0.196130058993248,0.23254411322873147,0.36424111465309805,-0.0549954033212412,0.5866700895217968,0.006793972027987176,0.18277714750217589,0.3640069327114182,0.403829842635816,0.07948225350544827,0.016619835290723434,0.08593059524527459,0.010194822871024347,0.050941409611822516,0.1664477347211668,0.18619573941765008,0.10335454090237671,-0.021850983321459107,0.05057400125570393,0.0790733986958166,0.08613027934256695,0.020552516181069007,-0.2125551657739142,0.10319912937956457,0.03935898638399295,-0.002952012753183225,0.20481478919345786,-0.003809309782925212,0.2911030496756498,0.011865983034759574,0.07495336882949993,0.10360640169420912,-0.3524700975818702,0.2073980097069863,0.06746459732283036,0.10336127588218479,0.3832305270814562,0.24558874828514715,-0.05271459088685729,-0.009392952877526181,0.4394856711566644,0.847329853487696,0.1498776244196243,-0.16881353110860065,0.18619573941765008,0.13990243576308042,0.9945380094027849,0.18619573941765008,0.18619573941765008,0.18619573941765008,0.18619573941765008,0.14517565036801058,0.09860275726884773,4.4939056515778635,-0.39622653554938453,0.18619573941765008,0.309935863757436,0.5018219946471334,1.3763017359941991,1.670492307693614
2020-06-30,0.05743401448906031,0.0580647758474676,0.33244732922432696,0.5337416370332022,0.4376588135860586,0.22049260233825388,0.7018145087497409,0.4036044562585701,0.036010378435214,-0.09380242190089483,0.0822219247824262,0.10254507565662561,0.4101123056521132,0.14182846259957002,-0.06313851021523066,0.42120394106536085,0.13924140973888882,0.08820357323643503,0.2115862040520559,0.2052183516904726,0.18634535478737585,0.2127625359879182,0.07652521724167737,0.09410248885814337,-0.2940823441437439,1.1705597061666568,0.25189305675160145,-0.026918015701260716,0.2385141236972131,0.1826535780458195,0.33084850498680207,0.3231391977213987,0.3214269585968989,0.09671234875400386,0.049261743040223675,0.19974582427209714,-0.002853379498124544,-0.16520250190570338,-0.15858908338985278,0.1789532050756437,-0.3157387470075769,0.10102805496484074,0.040126990981251026,0.5390311134509459,0.13290580511278555,-0.38761557454724477,0.16481136609709424,-0.055291885417031846,0.2560747179567262,0.10552921105161786,0.339057846128202,0.331799729647536,0.1791716857644487,0.1363815436112056,0.04699916788273152,0.45772226989619647,0.25653751677151865,0.3535140880231789,-0.2953489975285951,-0.012518286636531154,0.19857821334836226,0.22899466800777818,0.08997860377911607,0.017920461103911996,0.2825835834925686,0.15309155552953374,0.3826284683150121,0.4353939545970525,-0.0730924345425838,0.3504582833713753,0.2153967562132083,0.11979179526062542,0.21802048594572054,-0.31648009325576865,-0.022108567293909285,0.6372759295888923,0.3261830536639598,0.11209499672206515,0.1923033663322266,0.12797803262821555,0.2507971121141896,0.14889451994954506,0.1630314194252198,0.1664205087924032,-0.40174630700880015,0.18652752526233912,-0.06915769159397712,0.11241679906229093,0.35957094719842186,0.4535574067900363,-0.47509000821046266,-0.31839774017495337,0.038601769165989244,0.10574191887705388,0.28254324280370047,0.1878057637480912,0.5046736573420663,0.10580158799564589,0.27095367615516014,0.22803270864573763,-0.0692911918081245,-0.11319941961897453,0.16715235952218513,0.6809426555058724,0.15583966303300992,0.25188379426536056,0.3556310382284744,0.28052597988488054,0.0650829798198612,0.41382668816305307,0.12937435646708886,-0.17085548803566208,0.1079119611244904,0.08493479688528258,0.2042997865708257,0.07497790579634764,-0.056870414584219715,0.25560513847601674,0.10593909955878598,0.13967131452084808,-0.13345637078484351,-1.3788752478058783,0.009543440627208287,-0.01851841108400593,-0.13177157035282003,0.1700382840451694,-0.08427301396562087,0.12630819567030666,-0.28634463896305884,0.13685300216032084,0.153298669325105,-0.8729211636992962,0.22922049583666615,0.1043667009156139,0.003205070508626327,0.3720165288313245,0.4186896673301455,-0.11763090863928483,0.05011617967126691,-0.19942731830668484,1.9454562065193315,0.5065008460542592,0.2042997865708257,0.2042997865708257,0.4242858311674015,0.7797584129559318,0.2042997865708257,0.2042997865708257,0.2042997865708257,0.2042997865708257,0.2814933874938336,-0.2779796436645464,3.814137008636201,-2.3077134027211863,0.2042997865708257,0.1237183919318471,1.095189344065905,1.6147241376015233,2.9241918547548758
2020-09-30,-0.14805502555070893,-0.25335501350937206,0.11841401579367138,0.34263643367296204,0.11747088218242663,-0.11621990083183874,0.16181707091613262,0.15196022968790884,0.023329804811689874,-0.010485810488667232,-0.0974428033038061,-0.018783542972791986,0.17147306011263777,0.11714457073821802,-0.2525026866008874,-0.08882837005136973,0.03101780429852199,0.06620317639925807,0.04311448093538399,0.043649932545843484,-0.036132717582997194,0.019118355763170943,-0.06569560732300588,-0.057018621086750404,-0.2111663795606482,-0.30479498930219867,0.2543849000295279,-0.14613659313857658,0.2515746465665311,-0.23474913717919307,0.062144316105281996,0.42385581321412924,0.08903674200620326,-0.09496775832179222,-0.07831690960597688,0.022546238853338927,-0.04531260032339505,-0.020727426222115455,-0.1981560078542754,0.02174045226046044,-0.3978362079918721,0.03220610301590971,-0.43471231898609514,-0.05864665486267924,-0.179454883341745,-0.14384927391552035,-0.0986494654199342,0.06262183311330846,0.1177747661597719,0.06249050835120927,0.04857086343325377,0.028458212025693916,-0.0658583682603315,0.04526507431269829,0.05671423053760162,0.07085801703489694,-0.009608404036684785,-0.011394167132529822,-0.4854580885081204,-0.0827989893098912,-0.10677203147369295,0.0069101708508946,0.08023144436703405,-0.3971243470212666,0.030850384124721,0.11383212981664431,0.0028258358218702885,0.10204972596832736,-0.0552058964120126,0.04204310050537508,0.24128832763939226,-0.27703992784026454,-0.04596459144431302,-0.26117273824261805,-0.12779170353908675,-0.09099603472696931,0.0888068824137566,-0.04840491379702104,0.08039413191169703,0.1709569295354793,0.37794032039243847,0.08485300646697681,0.08873791911311915,0.021638378142832256,-0.24457079960099357,0.17027302522842808,-0.04499270181705159,0.014432734981426302,0.027692175647082398,0.3392863853474406,-0.22012652233474217,-0.15205506455931295,0.04107102788669949,-0.03437431567077027,0.012508080863674899,0.1943918243473252,0.15463367830555946,0.08274426756684888,0.01506318551941769,0.08305847254134371,0.031324655355060335,-0.008254533961714588,0.05586732396918998,0.6346377284479663,-0.1973667748182912,0.029317506919752347,0.06188934940515438,0.08779281424666668,0.06567057140803285,0.5202036321661715,-0.057754715223805736,-0.2948848595292241,0.035194839008714604,0.00885838351975479,0.023103462777902505,-0.12940531851725873,-0.04382319464129306,0.07049421833714267,-0.011005009357125398,-0.045143832884626194,-0.13497438235834297,-0.653645577567443,-0.0284779152086674,0.03826207634051263,-0.026809106295208,-0.1753505281609384,-0.23715988684755,0.03539457119273203,-0.30133651172205095,-0.09749839284169791,0.23098555932690829,0.4488535732041648,0.0723617678055276,0.05567164105648473,0.18679347231290702,0.07567748323878053,0.09449153154865825,-0.01600009068060451,-0.11722745242757092,-0.2763696473458843,1.6588738558567295,0.13950792211295207,0.023103462777902505,0.023103462777902505,0.18844217060369173,0.9067357302134447,0.023103462777902505,-0.33114039768271997,0.023103462777902505,0.023103462777902505,0.09023285968927475,-0.1020965063668697,-2.5613719600880214,-1.2624994991285123,0.023103462777902505,0.040117811423566005,-0.5029186165537742,0.5240535359138155,0.7213646954178448
2020-12-31,-0.5346250133417828,-0.41779443995207327,-0.2652810250892737,0.0062273787003458685,-0.14081109848830253,-0.4012235778499835,-0.21963090761096787,-0.09101510178492479,-0.4708534574297731,-0.44013100691584095,-0.4340992659564159,-0.28637508544184603,-0.37412384791300535,-0.20873629301725466,-0.7400992585313898,-0.2033587190186691,-0.24931875047992122,-0.29372968857361,-0.3257486414020443,-0.28695940967265704,-0.4273105202516066,-0.3620510513660383,-0.4459667174450229,-0.4019190545389607,-0.7762973341986938,-0.007411621027707145,-0.22002075674071975,-0.6547123006585726,-0.16673622081195522,-0.3133271177212881,-0.4723174106668603,0.11481751921396718,-0.11979591218878209,-0.26426547673818834,-0.5333785464898996,-0.25912309182041215,-0.3839675273173453,-0.4053300134510137,-0.6444072217171043,-0.20700692160670153,-1.110930373579495,-0.47738049205668825,-0.8431287324272254,-0.5229304106482376,-0.6279380885898065,-0.41919796424969163,-0.5918031557131396,-0.48032325356788885,-0.2721536555715083,-0.20148090969749713,-0.2344544674340811,-0.34115697360258035,-0.25847349243895856,-0.34353959680587065,-0.49973303777932937,-0.27096627455561456,-0.3665805782071088,-0.14545204083454275,-0.9528318492833227,-0.374571317076802,-0.3937124957106365,-0.39121133113580603,-0.6032673820160291,-0.5937983150117407,-0.22905815642314392,-0.3412192648853102,-0.27527963783060083,-0.1863807823907931,-0.5827956065823455,-0.5213414843723982,-0.086368714583809,-0.6162326837659069,-0.3251595408531748,-0.4257307446829541,-0.4277095270155389,-0.23776504170126408,-0.24420950652980095,-0.4166321591490885,-0.24245455861244244,-0.20327957284323367,-0.31035674641188293,-0.1939762494178089,-0.23205608297300143,-0.4570819160909031,-0.8718718397029213,-0.24829945699494513,-0.3143693662879946,-0.4552170395904994,-0.1690719497328807,-0.11424756322369234,-0.6277892079704783,-0.5939699475547383,-0.5100645122182265,-0.7148458240980043,-0.5439010000306759,-0.13854109517771912,-0.10008397121947112,-0.3354493512918417,-0.10359950130146406,-0.3467517926617051,-0.233799244389176,-0.26961665034745785,-0.28618386864759543,0.13149689849392904,-0.4644523392993007,-0.20891947364581417,-0.2776097836343362,-0.6733666145580227,-0.40208447823718346,0.3402995859983661,-0.41722763369627786,-1.0457247768027769,-0.3841249935406527,-0.3385300665759676,-0.34396101242919,-0.5174703040399282,-0.48533394611643266,-0.40945127658081903,-0.3354515182629515,-0.3724769362460187,-0.6344624071084065,-0.22091578076985313,-0.45505975849296204,-0.43882247791942386,-0.6480449591747404,-0.5789204120302426,-0.682927167581997,-0.2975301093798096,-0.8939604956815027,-0.16829747962303604,-0.2574793198584387,0.8857888796828775,-0.1803273605452628,-0.3812494084496079,-0.3027227655059714,-0.20768151640932345,-0.3341413860560556,-0.5271583784064168,-0.4240020198408799,-0.6001190991441946,-0.6791069588815074,-0.1971784944945474,-0.34396101242919,-0.34396101242919,-0.4035005843642867,-0.621723928786438,-0.6989702829554407,-0.34396101242919,-0.34396101242919,-0.34396101242919,-0.27827537116241435,-0.6323140728555062,-3.811345569722609,-1.427819416053074,-0.34396101242919,-0.5581077585518907,-0.6616219193395553,-0.41629862246824156,-0.34396101242919
2021-03-31,-0.8307310133735636,-0.794940857701151,-0.834617580256057,-0.38356215956341433,-0.6312367682857182,-0.9236987353659806,-1.0649240525098533,-0.6444681840475213,-0.6847257487853977,-0.714430987060308,-0.9299408702353686,-0.8258343060606315,-0.7859961474090669,-0.6422527977092685,-1.2213422152148374,-0.8651844334182559,-0.5181947688435877,-0.6951027146612738,-0.809361406434099,-0.8030298030285269,-0.7807978949048431,-0.8091723488685886,-0.8376895166633176,-0.7710393397394183,-0.7046291213956807,-2.1019175663907914,-0.6633871383895441,-0.9983085503288679,-0.5663692834266933,-0.7466598026819441,-0.7861952340843292,-0.22862367605123401,-0.5746037148328096,-0.8781870487461909,-0.9080752497114025,-0.7376625236852068,-0.7533458313469399,-0.6780561171404061,-0.8049579291994189,-0.6588555769201011,-1.1043557224016256,-0.7900388060946733,-1.209257459410396,-0.9192720177646568,-1.0478174192008383,-0.6809796928300714,-1.0548395365639927,-0.879948253338979,-0.6656712379974036,-0.6269812173859521,-1.3314812684087705,-0.6569780905515084,-0.9305656216833741,-0.6932368876912732,-0.867437113562848,-0.7864039108655716,-0.9322888510750127,-0.7879675556329583,-1.0800236864022335,-0.7564638921179385,-0.7573012427819544,-0.7747811860456998,-0.8936929489748449,-1.3482177077543511,-0.8062002677955287,-0.4309582350792371,-0.8612997255446301,-0.6775015702834251,-0.7837945445078988,-0.859975112985131,-0.3542572767319764,-0.9292594052741939,-0.7601185573366359,-0.9018643500805674,-0.886659792895335,-1.2129444599352632,-1.001185996031992,-0.7143831847051637,-0.6788079958804748,-0.6897316711347858,-0.5844369437538222,-0.5119988991893525,-0.6556786106321314,-0.8459142270298204,-0.8760992794186718,-0.7137704428429282,-0.6242144143902579,-0.7766385273219072,-0.6803275788300411,-0.6669736971190869,-0.6886378559079744,-0.79336083648329,-0.5656713685176031,-0.6582180427476855,-0.7599466779951606,-0.5342987791894195,-0.7729791920411859,-0.6660415316529845,-0.6061491357338257,-0.7937515508027695,-1.0623782586505073,-1.165252775890655,-0.6303939774237263,-0.4130925406687486,-0.9126044272401985,-0.4738095448629916,-0.9011495541695363,-1.017534459325993,-0.8175293727703647,-0.04201124412311918,-0.8730790044007175,-1.060469485941194,-0.6495360290900946,-0.7449844325383187,-0.8459932809216453,-0.8323677512621901,-0.7994196218800267,-0.6772876731204759,-0.7148168124616178,-0.7966857546858132,-0.9264420488555736,-0.575238553198328,-0.7683048646661617,-0.49801242030626375,-0.6800700853669738,-0.9712195606842899,-0.8963387889591586,-0.8591399791588313,-1.0791823853046614,-0.6454631508541812,-0.5815991575561476,-0.7150883784615326,-0.6363857619094595,-0.495289517450775,-0.7445213372495266,-0.7318050436254686,-0.8988076667364571,-0.7651757162917903,-0.8150897567481928,-1.4399010074305234,-1.4934777006476403,-0.6572327961253771,-0.8459932809216453,-0.8459932809216453,-0.8504202736346738,-1.6543355509067803,-0.8459932809216453,-0.8459932809216453,-0.8459932809216453,-0.8459932809216453,-0.5995158066968315,-0.9065090920860541,-2.5981800557729144,-1.3759495037046632,-0.8459932809216453,-0.6228451790992692,-0.5134079412913719,-1.9042228389669116,-2.330289849197609
2021-06-30,-1.1979843451799626,-1.2152517837349708,-1.2385042215406812,-1.1032984923274234,-1.1717823591066598,-1.4187453212258876,-1.5504153490475734,-1.1867929967818958,-1.0728447195218873,-1.125863603997486,-1.2411814822307232,-1.3163633616578112,-1.3821221324637365,-1.158506818792081,-1.3907001651226973,-1.2486018968558381,-0.8975742513976684,-1.0705927394696853,-1.2362061489400544,-1.3248000620677836,-1.310990504460281,-1.2359320944369174,-1.2168729307670818,-1.2129327817057822,-0.9739054396906688,-1.3518621834189413,-1.2251147127948463,-1.2797112226984146,-1.1868592237325857,-1.1450595363327527,-1.3701745950394237,-0.9482838142002454,-1.1641913503405745,-1.3226967296757206,-1.3084382467193822,-1.2522715344354725,-1.1311497303215068,-0.7745000634430392,-1.0902566431310206,-1.185781877609155,-1.0920066788631195,-1.1597988796333392,-1.2326505678402564,-0.7831450271328658,-1.4770682172660716,-0.8946406209099886,-1.3267432904377223,-0.9189563681547595,-1.072419165067965,-1.1450846779438169,-1.614242865501367,-1.2188635814725082,-1.21512239906246,-1.1364693162442892,-1.1453678549293609,-1.2567156804397475,-1.2039543407693651,-1.2139147673638746,-1.1501060637195377,-1.2566131564374248,-1.1226159486406206,-1.1624803615181496,-1.057160606538918,-1.7673491969347974,-1.3428801492063498,-0.893046248176417,-1.3483800803589845,-1.2745196154034917,-1.0531422442360125,-1.3755928517765161,-0.9484110605893158,-1.0265815349645768,-1.2848527545348143,-1.205379816587699,-1.2795011540135137,-1.3712304146265615,-1.3809667413636444,-1.0766965983669228,-1.174400606836382,-1.2818059660737662,-1.158851445177001,-1.014792274474536,-1.1019140198811725,-1.1502872924245457,-1.0871079552151355,-1.3115885837104868,-1.0965494035355283,-1.136194709884929,-1.1933307144978547,-1.2132068101528781,-0.967856841901093,-1.0379292008991055,-0.6939635135961845,-1.1704279328269804,-1.19661372788934,-0.9213333236747243,-1.3310237726656797,-0.9630489863349612,-1.1119404159523034,-1.1668560701007578,-1.4413585990625852,-1.4892643300843296,-1.1138059915437566,-0.9420995907157784,-1.4065186534607104,-0.8110325683086301,-1.186032740434196,-1.411349022703404,-1.2727815578765336,-0.6613607922577086,-1.2219211383015787,-1.2826524754556254,-1.1632407178948028,-1.0444428311908989,-1.374840300861131,-1.0538910534796713,-1.247943447584235,-1.1983918007134755,-1.1716208097904426,-1.1231118419200745,-1.2026582153907581,-0.3190836059803607,-1.1742701970058955,-0.9998319951749567,-1.0399263616605383,-1.2114984286813022,-1.2285869258737983,-1.0912565199150266,-1.1143224231107398,-0.7334636692390281,-1.1093639214035504,-0.46618097134443154,-1.1688399551858693,-1.1297930311287963,-1.1723245887361242,-1.0853744036543997,-1.4566157504170696,-1.416282530670186,-0.997760918405549,-1.390411241515051,-2.1353008957856194,-1.449421134754906,-1.374840300861131,-1.374840300861131,-1.6461406104069691,-1.162115615779371,-1.374840300861131,-1.374840300861131,-1.374840300861131,-1.374840300861131,-1.1012688715085217,-1.231798630969456,-0.902531504880601,0.33652994861316876,-1.374840300861131,-0.8049089832389351,-0.026358236141345897,-2.273670456989166,-3.7710804601879286
2021-09-30,-1.8002996647458158,-1.723106052654128,-1.6760634533758298,-1.611594649648405,-1.5892703990006185,-1.687398862534805,-1.8870822048293652,-1.5534542967532659,-1.7937151387256067,-1.8639392534807833,-1.7970087588907282,-1.7800913919639687,-2.130864742188943,-1.8015384134596033,-1.7938375753788944,-1.5174149504641117,-1.4708614910954791,-1.6555768900213446,-1.7239609794216035,-1.7134289087011658,-1.754860643414151,-1.6478095794141554,-1.8707036191430313,-1.8161859417592199,-1.7821408216826868,-1.5114651530973555,-1.788361407077996,-1.9226496138458757,-1.7109308462683879,-1.532120466690146,-1.7964477061317436,-1.598289548762567,-1.5644665651770058,-1.7059024616385865,-1.885169811572637,-1.6801725953227624,-1.7204427323737308,-1.5243495621833074,-1.7709836866390618,-1.6190035813938906,-2.0847037096153116,-1.9961026260736452,-1.7854075603026014,-1.7216045476332378,-1.9008217679079171,-1.9065104674474311,-1.7923255148273705,-1.9336851433331181,-1.6799174416684202,-1.700988116831221,-1.8215649631497333,-1.700439472089953,-1.5573827640670774,-1.7237898718925733,-1.9061317038789682,-1.5818627154050175,-1.668955405976993,-1.5026253971045844,-1.947796466109441,-1.8116399679863568,-1.4906355022849362,-1.715414856670422,-1.9303169982590231,-1.6498391428655639,-1.832566936947592,-1.56970844397985,-1.6781148484331874,-1.7100689495638821,-1.7923906959880485,-1.7723447626128166,-1.5649249823207745,-1.1684814746607122,-1.703140073818635,-1.7059763321273513,-1.9842417263668417,-1.3503311482894156,-1.7023375005174586,-1.5860884073128263,-1.6331918156653873,-1.6398257501474118,-2.1099442725152326,-1.6297271558638116,-1.6487432655214858,-1.5025668082916113,-2.1255555568043394,-1.8341561866646954,-1.6983201364037466,-1.756713615276555,-1.5258481668170139,-1.8718846260254625,-1.9214427049198688,-1.9266858403288967,-1.5023050725131726,-1.7933553441140828,-1.7525326063473787,-1.4678951906058797,-1.7247037494702118,-1.7403319941313005,-1.4773877179406898,-1.641064157754279,-1.8919319354112394,-1.9380911129578116,-1.62278772639264,-1.5002472933105,-1.7799452572377608,-0.8834263913823268,-1.5876412535732987,-2.284920318450853,-1.8497024563425368,-1.5181405096286853,-1.6954471504573034,-2.2598629900137492,-1.7802400239880203,-1.5955518833340716,-1.8358041475202675,-1.6249160166250145,-1.8008606501751434,-1.7224956069324606,-1.6922064945971367,-1.6299742945199953,-1.932761664951946,-1.0186908639954586,-1.8390263658444357,-1.811342528282637,-1.86914492370483,-1.8630139432679735,-1.8659944676989022,-1.6547104419599974,-1.9996605130443892,-1.3479191081859432,-1.8072837146735368,-1.6903912299517383,-1.8787376252469126,-1.7208226483362348,-1.9860078146903137,-1.4573513582123032,-1.841194671845325,-2.09663714515684,-1.567330804720624,-1.893063048826144,-2.7848774455365057,-1.8170764831984567,-1.8358041475202675,-1.8358041475202675,-2.0627476027534324,-2.71943641495581,-1.476080941010252,-1.8358041475202675,-1.4896649421102472,-1.480794876994017,-1.6709049742946571,-2.092816209087898,2.077779673773901,-1.3899557320290663,-1.8358041475202675,-1.6239148695378363,-3.071442820611371,-2.4695160009676624,-2.5445171909625226
2021-12-31,-2.045736117012634,-2.249068827670509,-2.004313534286914,-2.142128794324071,-2.0368164764802863,-2.012908177061742,-2.2327337303010655,-2.1322800839527556,-1.8805688075764004,-2.033711352482876,-2.2357891845598834,-2.2995454741066195,-2.2482378257806745,-2.15035835851696,-1.9812043208247065,-2.170457836001633,-2.0363486614578035,-1.8742700536748496,-2.1042983488375295,-2.0882420571894977,-2.047960751553169,-2.0734101504337477,-2.23191849312079,-2.159440442890294,-1.422549334967829,-2.2132119383583504,-2.149082956274128,-2.0682252010781337,-2.062957796288908,-2.170348871660685,-2.0363518069380984,-2.0706971636088736,-2.1595917136504514,-2.2459493297455135,-2.1012522185501274,-2.1227754020028655,-1.9577665606609513,-1.976689137349651,-1.8382167660967907,-2.0958799538936606,-1.8547468045283269,-2.130800367829036,-1.8793921098643211,-1.9907116741959312,-2.1350808032889854,-2.125688602518077,-1.9210344934505743,-2.076394216614798,-1.8700127285471448,-2.214434560211994,-2.2365160709328773,-2.0883524619741576,-2.1312734174890013,-2.0112187387083833,-2.1455674825603364,-2.0809504515701813,-2.1230455449084937,-2.063658847864683,-1.78355086002003,-2.1939641774398457,-1.9439512135027996,-2.042234842769627,-1.7341827787953494,-2.597907074251693,-2.3637788568902867,-1.9733213645441172,-2.1570594387727207,-2.1951284950069136,-1.8896441603472385,-2.0324654298824565,-2.0102254515947324,-1.5684198753270227,-2.1590578953459296,-2.0454878032416817,-2.1827497256724735,-2.156326604904429,-2.301179368944371,-1.8321937934666752,-2.0241697293828342,-1.8705283646509017,-2.2215963269431342,-2.0917540458204362,-1.9770133083527974,-1.9330047814072748,-1.7168388262211196,-2.2317772472982615,-1.9786728963623827,-1.9906442939108024,-2.1151239869962546,-2.0608495955626855,-2.150213506980404,-2.1250801701608557,-1.7933492762978316,-1.9953690855781407,-2.1724839219769168,-2.0065798218047695,-2.2337718217538582,-2.0489585206297787,-2.157867357560695,-2.041328790063994,-2.5823245315985632,-2.663219593984773,-2.0418108142892284,-1.9632542151579493,-2.2090334220747567,-1.8851124078696715,-2.148806095164334,-2.6120386371766786,-2.1085071317678277,-2.1073525126677946,-2.0747728277213615,-1.8450417864265596,-2.010697385145324,-1.9688646802587475,-2.198557132020233,-1.8684577164570642,-2.0386933340001683,-1.919690118831141,-2.0704647126140117,-2.0232746650507196,-2.019702391874911,-1.7708723885554616,-1.8685990330160338,-1.9762340719557265,-1.6367587390820921,-2.026386215058501,-1.9099090971382064,-2.067225600432832,-1.72266321436109,-2.1134592359199234,-2.109524112943234,-2.76846770786499,-2.3083056352301132,-1.8592088893326681,-2.308622461828731,-2.0312727771110968,-2.286273738719242,-1.9597305901188753,-2.0434885349565013,-2.3253489542895265,-1.5014064019871367,-2.278201702429652,-2.198557132020233,-2.198557132020233,-2.1893032411705793,-1.9052127607748446,-2.198557132020233,-2.198557132020233,-2.198557132020233,-2.198557132020233,-2.101541930147988,-5.492629286371632,1.0124860251455108,-1.6760505794873166,-1.8435478614939822,-1.8239623297728675,-1.8605134544739146,-2.0373747377225313,-1.8771669183469397
2022-03-31,-2.0106052896741704,-2.0846952139716377,-2.1087245395461105,-2.2698371055928273,-2.0550928580639445,-2.161277904032502,-2.158111388316928,-2.256513104227362,-1.9988983340283075,-2.1465473475487125,-2.194900891924863,-2.1966394657891315,-2.3708530613579466,-2.2779466716661663,-1.7722012161514844,-2.2550214838130223,-2.0743048798777055,-2.009593047339297,-2.008722580450279,-1.997481985332033,-1.9968209175694427,-1.9784025109126766,-2.0074701084342137,-2.1523221122590064,-2.131788788233929,-0.8680406152661883,-2.17001786002478,-1.856971867347349,-2.1895838754093853,-1.700687678651524,-2.132139222239903,-2.142901412496867,-2.0395997691101035,-2.1701756572742483,-1.9493378770509546,-2.0238290839138378,-2.09900185120846,-2.140251110911019,-1.9168087914553666,-2.075405400477156,-1.8062306461384738,-2.0918547909926652,-2.0730336619806935,-1.9598095435812226,-1.8091935625310513,-2.0913112360874964,-1.6219183622637383,-1.9449768630161302,-2.113434522813829,-1.9692213370713387,-1.586059881241135,-1.9026784756407826,-2.1051614646329915,-1.7938122016042248,-1.9971163590425802,-1.8717053677097226,-2.228562928062689,-1.994402052568471,-1.9585543392816045,-2.263878495547467,-1.930849307308993,-1.9650325021934205,-1.9138316479233626,-2.2023773611061714,-2.2817912803743594,-2.2896392783057067,-2.178206338265868,-2.0918474611514126,-2.1216931522102978,-2.1551394218117417,-2.1466380477099065,-1.2273554561325428,-2.308553218492253,-1.9323454577578671,-2.131355055658295,-2.10355972175024,-2.1073632618467326,-2.0488656859978214,-2.168313536670823,-2.0858786965600173,-2.369916459684259,-2.2183715275794693,-2.1379801444898034,-1.9869415035065816,-2.064738528194916,-2.199432841424161,-1.8867440373099642,-2.1334508004579176,-2.1140115138261453,-1.9533116977214264,-2.2846835020473573,-2.0841788973306508,-2.3447861879703793,-2.208211154277184,-2.3897016194782146,-2.0288769284700616,-2.11717020821602,-2.1867389909680526,-2.324376748680069,-2.0633423161888444,-2.3413682235812967,-2.227415441209282,-2.1361291907579103,-2.1480215610605047,-2.170737624906522,-2.280764008288329,-1.9816381424439196,-2.2401840325851587,-2.0633693208985537,-2.120370608062523,-1.868160910866859,-1.7395804417494172,-2.235916873927776,-2.181953175451168,-2.3961345055415455,-1.9833404578186988,-1.857211156743006,-2.1121666327564745,-2.1466074367228773,-2.0953941851995705,-2.212903519078635,-2.378930952932723,-2.172752938665689,-2.1648998374308417,-1.9860081183579974,-2.1306105690871706,-1.9938102144160759,-2.059182346259835,-1.894990959253742,-1.9837656141709266,-2.209248025951487,-2.190078452971752,-2.2800053841701566,-2.0928799550988737,-2.214497297400544,-2.0438011966015392,-2.0507096521157133,-2.25690840562179,-2.230581258626612,-1.976439406313676,0.5878078756665306,-2.497048260323248,-2.0851305618619644,-0.3734395056867258,-2.0520791333452557,1.5577595642510527,-2.3961345055415455,-2.3961345055415455,-1.4476090213167008,-2.3961345055415455,-2.252370841510696,-5.584153735894052,-4.95165764285049,-1.6047104256338387,-2.3961345055415455,-2.6195921136803375,-2.3727295793254197,-1.7453252732515563,0.10068679278396885
2022-06-30,-1.9935625432636053,-2.1151938612781436,-2.0874556273253217,-2.3585806470329773,-2.154864894975783,-2.216977516109826,-2.3194155331851536,-2.4138253397418032,-2.073265328793784,-2.0871855655124674,-2.17092625200014,-2.265535694439876,-2.4412635311446733,-2.180176617821926,-1.8818237863388587,-2.3801768882893524,-2.111735289091546,-2.1809655206610126,-2.0182808947282136,-1.9193635304594379,-1.993110905177012,-2.0029412581411705,-2.052893513568239,-2.142633983655034,-2.047689948826033,-1.0912210774370632,-2.2202018237344716,-2.0250014621455064,-2.275317326487499,-1.7683771452784223,-2.154361947575916,-2.39341728740117,-2.158928462352817,-2.235794575904605,-1.9408118922731024,-2.0857942859627614,-2.2446760755079445,-2.3741910167312543,-1.8631058828589555,-2.1376283321673633,-2.108026944284046,-2.1498445747065222,-2.2934706338933184,-2.1619750411879393,-1.83751009991436,-1.812322062970075,-1.7494947055183425,-1.693847568597541,-2.22352483444967,-2.1429075035310956,-1.3641343708554,-2.0239050165456596,-2.2387118812062603,-1.3520578252086037,-2.0734683244277274,-1.9906440535682406,-2.2704870377810424,-2.0951849515486893,-1.5633002248511199,-2.225090909249736,-2.0146604595097557,-1.8458412995466618,-2.5188766792972794,-1.8636219835832588,-2.339965121182299,-2.479017756649747,-2.289610418310254,-2.231396040505102,-2.1122906062679885,-2.1477959300548397,-2.3516613595494444,-0.9366241424669342,-2.3251581861874753,-1.7499534977487785,-2.0520081692171495,-2.3739060618799157,-2.2206114415588,-2.116909134705111,-2.2610825487844184,-2.1817376129419737,-2.243806394303858,-2.3588754823729365,-2.295450259261479,-2.120239938303936,-1.950481430069215,-2.0975311533715555,-1.7632917795811052,-2.3019817497446313,-2.2410697107179782,-1.7361420749392533,-2.0651055797149174,-1.8846491341767015,-2.5829363916718315,-2.116693873600865,-2.343166371592069,-2.123136769911588,-2.3681499898766445,-2.4098002686963658,-2.4162426744310714,-2.17558774528161,-2.251568971699515,-2.2248667777219966,-2.2467722594355157,-2.246158408414884,-2.224397872369824,-2.520700858709986,-2.115990655633786,-2.33444800402601,-2.1219159402583596,-2.1317816749897243,-1.853561057205674,-1.2791898864701965,-2.301252024856528,-2.328109800940384,-2.351564210571654,-2.0697681256804112,-1.5817218002468652,-2.1716444273354547,-2.1285251938571985,-2.209801330210773,-2.216971017093939,-1.892369421821209,-2.2161362356351173,-2.154554811755597,-1.9461082165117356,-2.0102411376949982,-2.0855161883383597,-2.177247405561223,-1.8473121509664878,-2.105272509396195,-2.383566646539016,-2.538474488940161,-2.2786262462470037,-2.056599029816359,-2.2134325871716305,-2.3393709984659514,-2.1267076331931114,-1.9343239968062493,-2.5092884369209796,-2.2597946895750876,0.7993146343639583,-2.4399921388654193,-2.351564210571654,-0.7852819166088825,-1.983951729839954,2.0829171461918596,-2.351564210571654,-2.351564210571654,-0.19035266761465408,-2.351564210571654,-2.3585225577771327,-5.838813630414094,-6.43371022861756,-1.562621433255463,-2.351564210571654,-2.858496924241796,-2.3880634598015478,-1.560603362553066,1.0022693510362817
2022-09-30,-1.7114565405709963,-1.8859920767361276,-1.8534375612072793,-2.1348927683380703,-1.8317566047171145,-1.871261948782089,-1.8369468002876208,-2.147290434845816,-1.8573413034450788,-1.831919103529245,-1.5612848071830308,-1.9871304630228126,-2.112010396696043,-1.8392232877601944,-1.4014542890032011,-1.9549985574570035,-1.9100290813916099,-2.0170460641953745,-1.7230191438956728,-1.701758736561743,-1.7453280114898202,-1.7085566063087065,-1.7077946594942957,-1.8777641049264042,-1.9394326482128255,-0.807199228324599,-1.9922307736472264,-1.7719253786873492,-2.1112568767754953,-1.5349465456649074,-1.9749194149712106,-2.2558166885205067,-1.8707007063860142,-1.933242508805128,-1.662731541790387,-1.8031793558877662,-2.013965874864918,-2.1851717721893804,-1.6174214043314596,-1.9403811468785304,-1.6053528558970893,-1.8331648502989948,-1.887252487633989,-1.8093339682346117,-1.5893673445034,-1.5614849441369272,-1.4678596517488876,-1.2841287482570716,-1.8717557278269703,-1.926965676114658,-1.2801393687494818,-1.635331298028959,-1.9918244508324316,-1.0671708369777957,-1.6713718995773057,-1.7178312473056099,-1.9992838239626989,-1.8847556782795611,-1.2478155213526219,-1.9214686833881058,-1.8421729480119542,-1.6742397269332447,-1.6396245773401728,-1.7201462219381962,-1.9113671509962262,-2.2434306974926157,-1.985374747872874,-1.8693255718232356,-1.7716454693047996,-1.918246007917122,-2.205731840350785,-0.8955463560507098,-2.0460920072452096,-1.255502148338028,-1.815981977925874,-2.187647215604577,-1.928958171721925,-1.858059681010087,-2.036387229528236,-1.8354602437764589,-2.089499464424118,-2.0968394847081666,-2.064352371956696,-2.05195653349819,-1.539398269960064,-1.8765231260395072,-1.636164788056534,-1.9695973504482664,-1.8910457353384382,-1.600767513276153,-1.766418686093561,-1.5836667881040931,-2.1268417631543035,-1.7931696475269896,-2.0640935744871083,-1.9874672893169232,-2.1293448076544768,-2.023749885594381,-2.146289965030338,-1.9670685085280508,-2.117681313166439,-2.016162898711653,-2.0369780803034847,-2.0660795756739003,-1.995677683612249,-2.748099165496217,-1.844338642328602,-1.986165342757334,-1.837248488160814,-1.7774310634600288,-1.497440189094561,-0.46657363232949894,-2.0620252968610258,-2.0887804346517624,-1.7091313087092765,-1.7843623501959884,-1.3851452755090483,-1.8896557740058766,-1.921386678173735,-1.8367643791323631,-1.8691333807435595,-1.8704987063904157,-1.8108839015421065,-1.9700688528843966,-1.642199534000517,-1.5468597932881936,-1.737093522656026,-1.885393939856543,-1.4074296886365216,-1.4811785263620214,-2.2006830246763474,-2.498568990281023,-2.0881526924534906,-1.562289500846514,-2.000211248730441,-2.0393900139337617,-1.750212183981401,-1.784874396822374,-1.912790017559664,-1.7307123789276002,0.047765918292495296,-2.177373519296217,-2.064140579235527,0.7533618742398106,-1.8557164642067423,3.064223990541673,-2.4238637857455427,-1.7687319517067468,-0.8493528471656806,-2.419149849761778,-2.0508919165422,-5.746571329037024,-5.977724400529696,-1.254923616154283,-2.064140579235527,-2.381688200336057,-0.29351814335423615,-1.8209847618367623,1.244371185435789
2022-12-31,-1.1902579329976921,-1.4674072286764526,-1.411468878695417,-1.5286576204954672,-1.3096439050500517,-1.370101906754632,-1.3249905780152318,-1.6481495697028685,-1.4895075827613977,-1.4431762408583866,-0.7425889832161848,-1.4332067421691848,-1.6223675237373372,-1.519181575633374,-1.132716239253067,-1.4232111002386734,-1.3394302148684045,-1.6927473189791846,-1.3239530461001463,-1.3327492284815703,-1.2549646517818813,-1.2800865119153302,-1.1439371238787512,-1.3973956589552183,-1.8671809321650008,-1.2841077622776993,-1.3696844069279674,-1.2667523867244186,-1.5075704101563792,-1.1936108803713676,-1.6174105799143237,-1.7493198382015673,-1.260801795372489,-1.437942393678879,-1.153560849738072,-1.3167987964583756,-1.6480684658073044,-1.5779774674992129,-1.3147574127266604,-1.4246388826686502,-1.2532939609877474,-1.3718816967458147,-1.4397572989507679,-1.2163296353170876,-1.0205095494892278,-1.2474149906575358,-1.063399850838887,-1.3983288107301566,-1.5386936802631443,-1.3568856249736139,-0.8915837086598225,-1.1203298736867298,-1.4577389866127355,-1.0949536922251815,-1.220177614547627,-1.1497129990599801,-1.4664506969897793,-1.3211962453549897,-1.0003800573092758,-1.4561161669505158,-1.439554408273268,-1.2572901697276881,-1.2900021900952117,-1.3602308380198898,-1.4151775656754202,-1.7614684681122346,-1.4988571124928274,-1.2171997638204117,-1.334992481076644,-1.4210438295757066,-1.731726158295282,-1.0695577271097436,-1.543434035075376,-1.083672064959646,-1.4361750175165082,-1.4821315947369706,-1.3549968699589257,-1.445067179351396,-1.5421648126379846,-1.381555341561724,-1.5303815158351275,-1.6062998866699358,-1.6571441845139128,-1.403311536010373,-1.4955416555413001,-1.351484105912409,-1.3549010724440118,-1.495524013643768,-1.3892816536883523,-1.2600837764155846,-1.3177222864620304,-1.1605768728763113,-1.8133259683580367,-1.3508308016942556,-1.5873225131743196,-1.4967663603328534,-1.5482284011373113,-1.5371893966186485,-1.660883484645262,-1.4422019553031145,-1.6835135329105644,-1.506654321031422,-1.5082511523661926,-2.0647963228063926,-1.487299202850127,-1.6454406786199782,-1.138442632026686,-1.5426179969011042,-1.3116227433604488,-1.436892163153526,-1.0750585569845712,-0.6596356805894671,-1.6665736110810196,-1.5817332113815514,-1.5946014878865664,-1.4591355179593513,-0.9751802674837967,-1.532389482995295,-1.4817414434169582,-1.3012215730011372,-1.5327147150738165,-1.2151600215267975,-1.5797489157361906,-1.4836734598828596,-1.4401504305466188,-1.1584590358867268,-1.402255782077001,-1.4999743929244356,-1.3011648169341845,-0.8176887033883591,-1.6529241191212865,-2.0286119284768156,-1.4265704354424744,-1.4931258230897508,-1.517446523151583,-1.379956695197369,-1.240684896353352,-1.6612899821476164,-1.241856972780464,-1.6343710670956413,-0.8657861232607195,-1.6756222688813138,-1.5946014878865664,-1.0966098958594683,-1.3750396003943934,2.989906729734778,-1.5946014878865664,-1.5946014878865664,-1.290659663380303,-1.5946014878865664,-1.5933670148583872,-1.5203311018835906,-4.5866671710833,-1.1033645137409342,-1.949610758412817,-2.0154864189815562,-1.4507482779479726,-1.1339482252431612,2.4264063208376276
2023-03-31,-0.957133674654546,-1.1093941335585442,-0.9505664076591204,-1.215238988892697,-1.0187257518921984,-0.9496493694729361,-1.0664015899691073,-1.1815202228956887,-1.1792400719615228,-1.0810936134368,-0.5560342177244313,-1.1467680506915416,-1.1782233317831907,-1.1293528366997647,-1.037627838627098,-1.0707673429644649,-1.116383073566844,-1.3101467445523258,-1.1338011137834014,-1.1308168051133873,-1.0896115052335178,-1.0435021358693162,-1.0580085645700523,-1.1540496347391846,-1.2382811234094033,-0.6294133678068091,-1.1193680886969761,-1.328588326428419,-1.1127840479225517,-1.1961079636566505,-1.1203926267179214,-1.5066846998088461,-0.7888143533177913,-1.0923719995692192,-1.0332543627954522,-1.0261362359284871,-1.254821884195167,-1.2298147887221356,-1.0538794916030807,-1.134729730612652,-1.1143505121136306,-1.1113056263986012,-1.030564750539913,-0.9782398005211188,-1.0690748094981937,-0.9657640124901138,-0.9703342862127856,-1.1005544094720483,-1.0087305612791364,-1.3192894143408163,-1.2061640308268489,-1.0280905644805582,-1.141977608054319,-1.1151764463756302,-0.9667946876688523,-1.0414282696524373,-0.8929521887645071,-1.048048161262407,-0.7018775643933798,-1.0887241868317887,-1.1441059231632618,-0.8773220625513785,-0.8579155566689345,-0.9326223286146915,-1.0430362166853564,-1.2454580780355777,-1.1250298054296293,-1.0812530437331191,-0.991263131889069,-1.023691938758873,-1.3802894995726502,-1.1878380493877962,-1.108970777367367,-0.9495078410428918,-1.1542188412006398,-1.108835730333775,-1.0915398614761274,-1.0359280581100625,-1.2158862119769234,-1.2715242907957556,-1.1581259572675622,-1.2173470794598127,-1.2312776579354063,-1.0623295132699881,-1.0829386381058785,-1.0489479134160715,-1.3335236402264707,-1.0871955198484586,-1.0118053187667975,-0.9400160155538873,-1.0209794416650746,-0.9641386849479119,-1.1546492445910244,-1.1422429505496547,-0.9936643804812543,-1.1708296195780574,-1.2301047127004876,-1.1060806693151641,-1.0661580089870841,-1.1025571696340903,-1.2930390519230888,-1.2545020919122887,-1.1289681338436521,-1.6108654171165069,-1.190080426059542,-1.168306029723193,-0.9651761271595041,-0.6860114741523156,-1.133334163221284,-1.134814456032989,-0.9239159337410949,-0.7515098968147503,-1.2509063148503083,-1.1351335815350792,-1.0690746571343026,-1.1099546056475365,-0.8435121683037748,-1.096722661943755,-1.1076331958420482,-1.023538136552598,-1.075115996967799,-0.9263736857966719,-1.200618830079447,-1.176265856984982,-1.1312131657583093,-0.9092061466983394,-1.0839480003800344,-1.2114833145333839,-1.0173950140745172,-0.7521957308763745,-1.287653042694715,-0.9904037979476985,-1.164676517756976,-1.1507942838300662,-1.2639320332383144,-1.1405687388107695,-1.0042762839954447,-1.2072290286619523,-1.1302074269676312,-1.5829371034116682,-2.3119386444954078,-1.1918541045565596,-1.3800786008138834,-2.3911732121275007,-1.119345588215699,-0.25956976010534927,-1.0690746571343026,-1.0690746571343026,-1.0895946646412396,-1.0690746571343026,-1.0965875565342516,-0.5437521220205308,-1.0690746571343026,-0.7205894739475023,-1.0690746571343026,-0.9549014694696153,-1.6935618329932134,-1.4524582054067368,-0.4557352882369354
2023-06-30,-0.5577488536055939,-0.7785281108341369,-0.6176716646002819,-0.6855739012275547,-0.4780774125997249,-0.4361000961604613,-0.48389000729802883,-0.6749262485636952,-0.5559503322171303,-0.5974371937301548,-0.06382386672487056,-0.6326591872214556,-0.5669902388099096,-0.6378645127151554,-0.5252003919931543,-0.6303914153791202,-0.6425680459929879,-0.7928650802360105,-0.750359006294675,-0.6792656120293776,-0.6680792926639442,-0.7118282014420039,-0.6129040465349854,-0.6416081948742043,-0.6072102712769504,-1.029274175933915,-0.611475850861802,-0.6235832526559422,-0.6359963841681792,-0.9406927236580364,-0.6682850711406918,-0.6036903499700901,-0.2668387245805685,-0.7022986060110543,-0.6027255030373371,-0.5752674058876072,-0.7196726949111577,-0.7492471706136368,-0.7766144215615078,-0.6175339841325553,-0.2832816927102304,-0.5471757579823477,-0.3632635244162318,-0.4592337538964642,-0.6846577083579649,-0.6924047689478813,-0.6224428314754797,-1.0655860892290887,-0.5203237964676768,-0.7244859667191079,-1.182020507644931,-0.6102025859043478,-0.7357642804668593,-1.3119616159938041,-0.5726875621276188,-0.6429330668657456,-0.5000870967443102,-0.7192696228267798,-0.6749101738572303,-0.6829630496292892,-0.7057852147621237,-0.550380974702664,0.05606132522807323,-1.052158225986844,-0.552746478896013,-0.7136225599720368,-0.6277487060061536,-0.5460148868034612,-0.47877948391104125,-0.5789097145073524,-0.6598462056429538,-1.0429652864208547,-0.6543170927028552,-0.6973706634157082,-0.6401861152265206,-0.6549678874329743,-0.6410102635619828,-0.566735415039133,-0.6856262611653736,-0.5166880370701686,-0.7215504530623816,-0.664177179294742,-0.7247418642454685,-0.5254990958421615,-0.5036259808024774,-0.6086116043637662,-1.0576558480617921,-0.5284130236388139,-0.6176203503683134,-0.5898122175913091,-0.6361215297820185,-0.6697243550584909,-0.8355774182506601,-0.6077277208798852,-0.6804678792388944,-0.6609545662137521,-0.6082111011538411,-0.6034217458982672,-0.6425908968451746,-0.5736306831934186,-1.1134733466272353,-1.1064353619278111,-0.6320021057773673,-0.9166259516971176,-0.7257934365177321,-0.6465922555422206,-0.48466598422679896,-0.7090235227658022,-0.613798402403141,-0.8463120797845487,-0.6683896032547719,-0.7967804121942182,-0.6514658218749206,-0.5971731982105069,-0.631048286287609,-0.6132941503742988,-0.6790079279144923,-0.5688623143562249,-0.6634303187552957,-0.5662798813185638,-0.6350044340868497,-0.5616042230273393,-0.585294873867472,-0.5841961895168073,-0.5241449426806368,-0.5277764457874056,-0.4289730002776761,-0.6848174596331144,-0.5542321636947013,-0.5141259806490739,-0.5453309320210885,0.6959352623406466,-0.5230254197001384,-0.5085084466213828,-0.6822563981351006,-0.5116900236306091,-0.577801550807521,-0.757260920541844,-0.4473123515240867,-0.9051303569647421,-2.706542067766059,-0.7528160323688267,-0.631048286287609,-2.1973305802503806,-0.6571961530378486,-1.4181520521199498,-0.631048286287609,-0.631048286287609,-1.5359630805071787,-0.631048286287609,-0.5126379619646912,1.366750155273026,0.4490979282184932,-0.23442020190967508,-0.631048286287609,-0.6702191425321339,-0.5279503279092114,-1.0576140365889595,-2.0786452959009654
2023-09-30,-0.2622020853045766,-0.36097340989221166,-0.3098130183306316,-0.4478957822354705,-0.19418500415030238,-0.26143762201028964,-0.2734764734066885,-0.42738611895248985,-0.25219418229825386,-0.33324842866074966,-0.116235893344284,-0.3670212657594174,-0.12060488291481998,-0.44428977136208236,-0.45510578478776864,-0.27086984624057875,-0.17710404838090146,-0.3897263780244015,-0.4512956083221854,-0.39730897918201397,-0.34763585426077,-0.39515720332383353,-0.3201986139806576,-0.29805006436285475,-0.19286167994817674,0.021609120311641784,-0.2702380293990459,-0.20733187433846098,-0.20607460762364277,-0.40194832303114525,-0.2629654686376859,-0.2958396541259548,0.02941127875979136,-0.397229629285144,-0.21790206859679437,-0.22208529432812119,-0.3727799549754536,-0.38341658412927315,-0.36016637442263294,-0.17284869047940485,-0.1301917910478001,-0.14998636244388847,-0.1581465239862947,0.863556571154035,-0.3413693087638728,-0.3347289006491174,-0.35265856045047256,-0.7499756862474949,-0.25100248663463604,-0.3729809851424404,-0.8387487667980569,-0.25884185187677294,-0.3573262249863648,-1.0207824476721754,-0.28659204296318513,-0.36356012886365147,-0.33097816008737296,-0.3090058430007764,0.010651213265788603,-0.43404242420025085,-0.34098919558050694,-0.14378443786702236,0.07495058104437086,-0.5508687656826277,-0.2903938173170497,-0.41201617475470503,-0.3190965929795087,-0.29153046373874764,-0.24653937567902554,-0.3455143699664602,-0.32815848162414424,-0.8387187290877068,-0.3987588494677156,-0.6774557533135984,-0.18081490446127896,-0.3213757343115872,-0.3594518071549497,-0.34079104509424696,-0.3766150580819305,-0.3759179559909475,-0.08556831407781254,-0.3265011088257074,-0.37054170137306947,-0.2298211180623025,-0.23260982105628417,-0.3602852498910293,-0.5939577674456193,-0.2334222612747134,-0.33974612545668365,-0.21895591198655617,-0.31739330488979534,-0.3314631321809833,-0.5184274792119685,-0.25158343934566846,-0.3565796200445192,-0.3014627228261675,-0.2776035439360305,-0.2564931234425244,-0.3030997985582973,-0.28959334341074644,-0.6578613006872076,-0.5687594128765464,-0.29236191147279467,-0.14585951536627084,-0.4110709647595626,-0.22217572100738064,-0.23878402000804685,-0.286422451161872,-0.22279677698813125,-0.497954579562923,-0.4611343041862127,-0.6797207176498719,-0.32595433873363694,-0.29397698772133374,-0.6934152126735847,-0.3104409413120318,-0.3931634023185252,-0.2386586759100225,-0.31745575327070724,-0.2883849645785735,-0.3013185523053795,-0.2538725691529719,-0.327599954322354,-0.263014468291526,-0.21457060606501405,-0.2654002175008001,-0.13432921703200854,-0.37429846081948265,-0.2840681587419898,-0.3991808027596498,-0.2083050009390199,-0.186686039850889,-0.16495574175249952,-0.5409488669847522,-0.41173201467823817,-0.25194137149233536,-0.30577871516809135,-0.47415493178213086,-0.2574317601388701,-0.5490558403234934,-2.5943494289099522,-0.5398756627395542,-0.3384059421473341,-3.1559083956226717,-0.3526478356708921,-1.4551514746763554,-0.3384059421473341,-0.6338145696761145,-0.35014089708170665,-0.3384059421473341,-0.1561701176179714,3.076648612677892,-0.3384059421473341,-0.011635531253459406,-0.3384059421473341,-0.3944302079309627,0.2142092918927348,-0.4944165103763937,-3.0955121603398927
2023-12-31,0.010707075161992716,-0.10385972602066383,-0.19279612849185337,-0.27363088918224643,-0.009117744241124992,0.07993888842074094,-0.18936735911702426,-0.20333177704278965,-0.1452852137863303,-0.19008323950870873,-0.32489236140067673,-0.19613990104960374,-0.02740182376268661,-0.10961134717445331,-0.13942200344126235,-0.204671886974129,0.10553553224467363,-0.2026199833862931,-0.18832747646265138,-0.15688637980240752,-0.21800407468789723,-0.16903620990153576,-0.20345964738625222,-0.17173326150072482,-0.06915128546445937,1.0383200676966458,-0.15083418685593017,-0.2237483301537783,-0.12961436214702887,-0.20172655173943912,-0.1528816568343593,-0.17539738053158954,0.23457912674168377,-0.22876912422116844,-0.027086233898566014,-0.07591401233635427,-0.20842067683252516,-0.2427395482446792,-0.19611560289516813,-0.1964599166028346,-0.05278470161075455,-0.075839724674767,-0.12522086398086638,0.2243983150191417,-0.2028937074394212,-0.13937463392600366,-0.1532372421321771,-0.16990354973542504,-0.17764546317120317,-0.2127073436081472,-0.4847118733715128,-0.10694229829454274,-0.13458833279814045,-0.3684010918839193,-0.1966350458185551,-0.20645793950112992,-0.20387981945047542,-0.22011208347594188,-0.10818014474408873,-0.2553660824652471,-0.012563520385268439,-0.0398107463722041,-0.050463965121115804,-0.12486401350869333,-0.11765582783805265,-0.20809906853381557,-0.12333562961497956,-0.09801825854160022,-0.1329844123085945,-0.1723520198197274,-0.16129115695868781,0.01960722165112034,-0.20958073470687713,-0.18655189475917208,-0.044105220398481464,-0.18875896956242247,-0.15740480610030685,-0.2361322158505046,-0.16082136277278,-0.006784373112319164,-0.036657830721999574,-0.16616468207945,-0.10850052730806801,-0.1283001158159709,-0.14850150270530488,-0.19012760193463482,-0.18354857471391045,-0.1711717531049605,-0.151992853906886,-0.08278402780447205,-0.1725189103586844,-0.1625605425335337,-0.32533815810685857,-0.1621524138149211,-0.23381538435001903,-0.039228893534303096,-0.1469269165217348,-0.08369520950959261,-0.10941108131701986,-0.13229429850587623,-0.2717826679015366,-0.19551284577891842,-0.14775786027666196,0.6399157824275357,-0.22940644108856573,-0.17414555817623725,-0.1558843244127725,-0.2230606883652415,-0.17887257624415184,-0.3812526595297996,-0.2659118221188118,-0.2543523176348725,-0.1772716534226196,-0.16019073702763237,-0.174790303878741,-0.07987577193867208,-0.247432495404344,-0.04551687767901783,-0.17182661993240858,-0.18548217332984876,-0.19073263171920316,-0.27316171877301787,-0.1983536817159385,-0.15694662518189562,-0.16723355422228195,-0.1738018682363103,-0.1747623905943001,-0.08957224469251594,-0.1748144044232917,-0.3451575142546076,-0.12321565164040184,-0.12377522157168659,-0.043378315112958026,-0.07698800711318242,-0.08409336921443142,-0.19647508679881323,-0.17385325724242412,-0.28279504002042644,-0.19361513786621096,-0.03090337575008219,0.3954974220767613,-0.3835379942527886,-0.174790303878741,-0.6372110679039035,-0.2550436262631081,-1.1473255663998245,-0.174790303878741,-0.174790303878741,-0.18254859531571194,0.1255448832206137,-0.11233149888717835,2.8499537175704606,-0.378126529707108,-0.012988222234061217,-0.174790303878741,-0.20185067808878396,-0.47092452842590854,-0.8426918731032341,-4.491360076163763
2024-03-31,0.05647458342069825,-0.1741188933872493,-0.06965305980356061,-0.07435472571433642,0.09809570731429038,0.23658047978796348,-0.0029843345698378123,-0.050341614551662486,-0.08016930219333325,-0.12805637342511828,-0.2293201235514117,-0.0320752962211915,-0.0073491298841041035,-0.03450825438366439,0.015825099562588544,0.023829370450364398,0.197263360745704,-0.0254468214817203,-0.017046832092049567,-0.041907231000388186,-0.060965917556626545,-0.04265531905735328,-0.030632442815159627,0.04722868050970774,-0.04052822357651195,-1.1068735460646382,0.007713973111358532,0.032974293796676636,0.04071200383531813,-0.15386006536133773,-0.054096218907480745,-0.10078694060876875,-0.17667539784788075,-0.06527262853298246,0.01252385848239578,-0.06099152700316601,-0.019920588035224826,0.06593261572777137,-0.10843816910090012,-0.046912516966592314,-0.00012802804458011963,-0.06510183899913802,-0.010319803326459064,0.2685170274880991,-0.06298451011920563,-0.14796629880407247,-0.027424888295130474,0.010176479299178053,-0.026893143218607918,-0.09702037126526701,-0.3129744712342023,-0.1002894813015718,-0.08582900775567842,-0.20669702203802295,-0.08258276549334567,-0.050015919835486825,-0.17487778378006194,-0.018321960145202914,-0.14298350938264165,-0.11402459844472067,-0.07895129642809608,-0.18220292151508605,0.07842969684308948,-0.34137271538740915,-0.015578591967730891,-0.04690524799720775,-0.009584699431991627,-0.06407158808769643,-0.1001174399916544,-0.1322932383972701,-0.021177367407731643,-0.047380760643498214,-0.13979107821252953,-0.10024171420911276,0.22693753746678824,-0.006782937071231428,-0.0846221563130911,-0.0974713505608567,0.08268786618450268,0.6829376277908186,0.09961669973794206,-0.06749163736344169,-0.051903680706356564,-0.06488547495120632,0.01227901278090259,-0.02253859586774012,0.06728658035421516,-0.05877805976350452,-0.03911840355407802,-0.28230549835735047,-0.10104096341791233,-0.12598144897785038,-0.14087578978104578,0.0064759614926730436,-0.1376819611524197,0.05595870314051421,-0.04443460113674353,0.05124891342009919,-0.03569144291248753,-0.03536942706084679,-0.2575445845564766,-0.2062005012778056,0.03035262383049856,0.8909860862258312,-0.08806305492873363,-0.08997048929390342,-0.12229137414228479,-0.3317930542670062,0.01494615562086572,-0.03574502988472142,-0.2248720619797144,-0.10726721780327676,-0.032300964938385,-0.047292603863168844,-0.10024523605367193,0.006397283554653368,-0.1317403509491821,0.03217912518101575,-0.07854969932367695,-0.0505525803872594,-0.03961889842483176,-0.017943516982003967,0.05788189666106847,-0.06321222145719595,0.0408970668105557,-0.11761012101381639,0.007446048546278531,0.16489260239303416,-0.021103066295729958,0.023149036043571564,-0.08519078129567986,0.15826855871164353,0.024053105548405007,0.036543954548438846,-0.04338771129438134,0.02654855009050663,-0.08907794570516017,-0.22969477356902968,0.10600604691445532,0.040481266376356635,-1.5883806398703237,-0.3019915346377296,0.25476403447257884,-0.8008416809152935,-0.3885772067589676,-1.0226191829547562,-0.10024523605367193,0.25476403447257884,-0.3650566222900767,0.5335371483869152,-0.2255552584129008,1.9866765414929977,0.3571154213667022,0.00838704904264426,-0.10024523605367193,-0.23712758440285336,-0.8295409113961387,-0.11240202327631763,-2.2588431003163993
2024-06-30,0.04053661099500332,-0.04882238843886537,-0.08049196898331647,-0.08005958520867343,0.04544190730830051,0.1838456969359128,-0.0638945398499829,-0.023214258344774648,-0.10513745661689332,-0.07394448163682246,-0.7306765942275307,-0.03904929095716198,-0.07017810521922051,-0.05830320469804849,0.07618996546372785,0.06633312884912008,0.12757697055948258,0.08454040330289572,-0.013275206454052156,-0.06218191598881706,-0.08116741055450258,-0.04323595585835472,0.03581637327692175,0.06042246039672578,-0.11107635974610457,-1.2821422164548606,0.0019130999619966825,-0.14259356311697216,0.03763944840432794,-0.009403655740275924,-0.12883823923796192,-0.19925167887678757,-0.20731368137877298,-0.06080857821469748,0.044770014065555516,-0.04454068371027697,0.028748227206041345,0.008510444169137231,-0.09833028518096808,0.0226229344630849,-0.002365034495787527,-0.07834710152122816,-0.19368714950439697,-0.1928785120322593,-0.017236525637789154,-0.1818238012401792,0.059405642079815094,-0.039226180485580804,0.02861620055089638,-0.07311074557734054,-0.26884179283926957,-0.02477031735470632,-0.03406080093606714,0.06393251111391542,-0.0850928538950816,-0.04811923292197286,-0.14969974736984007,0.06342613827814493,0.09920540006130957,-0.05441284709341414,-0.04562229520077791,-0.24515551723689213,-0.07513217990200854,-0.31667059315918994,-0.02300137163501872,-0.03388125658144954,-0.011290563289354037,0.05027527701387215,-0.13026161505193865,-0.09191952783541694,0.007039206148790073,-0.2693597587705261,-0.14019538467215156,-0.12238514582331547,0.21100925059310383,-0.014307279290302306,-0.08897041964223697,-0.1790050588446346,-0.04638960714075536,-0.15423652812071945,-0.023669107358021833,0.0015827386999756909,0.057322123180849616,0.0036717928182143237,0.03251364386210893,-0.11957011960799448,0.0639125136834259,-0.12794581727771492,-0.0042314052723938424,-0.250598511673785,-0.11674412679934826,-0.11742950544207681,-0.0070581007759574505,-0.04304506819607417,0.02228518339494932,0.04922602569180567,-0.06687852385363847,0.09573107954395296,-0.026654678896597818,-0.00980335673047865,-0.19263535062461928,-0.10670435418978973,-0.0017610751956493522,0.8363420224575804,-0.07931623058242591,0.12585574744211003,-0.07327712800138873,0.22529821563204314,0.019001146066501863,0.010458034479105342,-0.24194153276316932,-0.0026270431078497035,-0.04485244353107438,-0.030921180732409955,-0.06562240892575215,0.026980174726577894,-0.03135500932184547,0.012070100824472045,-0.042796723891047606,0.016456389695531988,0.01945710273252825,-0.07949230638988568,-0.0007323403230097452,-0.07126760744902813,0.05739545548770039,-0.17724642768289248,-0.08683021429669,-0.02622443844376672,-0.031185145004600533,-0.017790784474060642,-0.08165244366304844,-0.21334921728872042,-0.032462372014621405,0.01567906373656416,-0.08909974879309669,-0.0001280929033692283,-0.04223332790451462,-0.16731554481773186,0.13647694533149315,0.2090810804903431,-2.4404059686678186,-0.3054233955499355,-0.06562240892575215,0.16379662130361958,-0.280522300727947,-1.1184572981333893,-0.06562240892575215,-0.06562240892575215,-1.015074231004392,0.26496675355624527,-0.247799646080883,1.1955923401888504,2.9360747937780323,-0.006077277484151544,-0.06562240892575215,-0.17094917308141644,-0.20770466477015853,-0.15076013283197434,-1.6619834553476787
2024-09-30,0.044240744256661295,-0.09230629213184506,-0.14449481033517786,-0.1309645439957779,0.06863077465006487,0.2818440370155522,0.01353606218056293,-0.008065160846643497,-0.07143536633383835,-0.08726452025239059,-0.6271534627717781,-0.049088265531898594,-0.09133409564971039,-0.06457513280139561,0.10694386513770059,0.1309882180126865,0.1266612557009972,-0.022303877913686734,-0.010037784890526766,0.031295610278515525,-0.10130905554761839,-0.05373384300259284,0.025107178865464055,0.012792629980656906,-0.10563761629467106,-2.016295883779286,0.004363576834562967,-0.15732149458114925,0.004389565817609887,-0.14686487399541875,-0.1625222922764173,-0.20316738824756053,-0.21946808466129528,-0.10938536404965234,0.012973811614243115,-0.08463877125581223,-0.00010311678686228184,0.011933309493598379,-0.15126327217162924,-0.05006242240070909,-0.029419558377634828,-0.1527113151445496,-0.018017576228415735,-1.0861282468685678,-0.0772875869609305,-0.26329824743663505,0.07013916058471288,0.04903919094025904,0.07172285064714917,-0.12128323285890187,-0.04985710493417775,-0.10469365228455779,-0.06357815885535233,0.044987526187352585,-0.06367592091200777,-0.09859555920844928,0.06983261502510253,0.018057239037231484,-0.10469280208171032,-0.05903446497305985,0.01804539036056678,-0.2266579219670238,-0.157143444987691,-0.08525385546825213,-0.005909108974444453,0.013109105241350099,0.0034846238321436774,-0.006641987065682095,-0.10732888944683353,-0.07539091727542023,-0.057470847142806855,-0.0833298214627413,-0.1683297296992064,-0.05920067751353311,0.12542782710173933,-0.05779422839633829,-0.029218937062403177,-0.17973710148854247,-0.04722170333062628,-0.2644639323218354,-0.21859921458573373,0.0036087968454390387,-0.024507623064348054,0.020702306142733384,0.04096197823651693,-0.01365133767479728,0.03300449774073167,-0.14193352414148713,-0.038440479384658395,-0.2300008881656458,-0.17912400268000786,-0.20947305552355738,-0.034006724923923586,-0.08950096119243874,0.04149177281536817,-0.08378412345432025,-0.04094598870056462,0.06776908598922468,-0.04967365008366201,-0.03505961342120305,-0.004940688264127311,-0.03954309565866598,0.006200016041157428,0.34972989943042276,-0.007176309278270843,-0.043482806866936466,-0.051643168211998436,1.0498391136455953,-0.09140563700587337,-0.13478375095929648,-0.2556786300361302,-0.08823209435543142,-0.04697358160863759,0.013356961061020706,-0.05285288561396468,0.037286460247896065,-0.10735619761831974,-0.021532976236012445,-0.07611234097229023,0.027729959148556162,0.007529413273996392,-0.2059444430407344,0.03415251380082603,-0.02188733775690814,0.038909248686518384,-0.10611123639022993,-0.03300803305061699,-0.010077747837062457,-0.023790261630676077,-0.0502812016638509,-0.14894381442277463,-0.057590646850774016,-0.07123966916267147,0.04760864401626627,-0.052012587330632895,-0.011747701621219724,0.008952647809093875,-0.14426545410249025,0.24034820892268746,0.13259650003921664,0.3893305863341672,-0.27216788390442254,-0.05285288561396468,-0.05285288561396468,-0.30103988304799906,-0.8119515468510874,-0.05285288561396468,-0.05285288561396468,-1.2981030436531955,-0.05285288561396468,-0.3415671151206076,-0.1480022582641811,3.8708623432443003,-0.021661419387539124,-0.05285288561396468,-0.11421518847800056,-0.09745915111870027,-0.14319661124747413,-1.2559564331892332
2024-12-31,-0.03372335701936235,-0.22450545855962575,-0.17811479989889298,-0.09825047549620149,-0.014033415266336117,0.5997650699391305,0.060147830934468516,0.04140597955527484,-0.016101867252878595,-0.03610641062317224,-0.6417698938830938,0.0061541965991222395,-0.1685249686463635,-0.03641095820732872,0.1347660135912978,0.033556389358849664,0.014790029007820466,0.02329444617232445,0.006658887414896337,0.035341707231363845,-0.009097407282049485,-0.0871730220238592,0.0456172552744759,0.13619177615331732,-0.11535739177532613,-0.3142062810722842,0.16414902279471008,-0.011395966560461405,-0.028801586100540726,-0.14507650452321663,-0.04865504840145872,-0.18960515509668202,-0.3149646654371829,0.01279325977250136,0.05158767391871722,-0.07789781522593725,0.03134492370168802,0.003307879759695982,-0.2343920817439678,0.03973544759989044,0.022144269238508183,-0.07165465193048068,-0.09196823384996634,-0.2489246835239742,-0.08382692832117922,-0.1584679254241298,0.13043347723226828,0.09672812052905823,0.14448506123461177,-0.039971957184799636,-0.12273992544221074,-0.17494394020051715,-0.09571407613504522,0.0571302056522679,-0.031225063147701963,-0.04284547426126917,0.020112324315178058,0.16181269989543653,-0.15299396987604091,0.008809264253300282,-0.10343952239909736,-0.15077903815191587,-0.12056114571176152,-0.11416756558630106,0.023570660494034616,0.06198487253306094,0.01814893993595442,-0.05670656193751663,-0.06687762828695988,0.005365284980259233,-0.03850894290737331,-0.09858571803673878,-0.07383763600648333,-0.1692059800526871,0.28504325473857683,-0.01874403827430271,-0.05161924712648828,-0.08757642455061215,-0.06164717706924835,-0.33450253406312946,-0.11806695525331432,0.03209101967538362,-0.08307545198755235,-0.16260740787356792,0.024723658176874743,0.1054842729897235,0.02842916541045846,-0.03860812945717637,-0.007829088310014224,0.001740881046539236,-0.13336471134146805,-0.14393110964773184,0.11169065496475065,-0.005152575743856447,0.03770307331777299,-0.013323821801489926,0.003978334502651324,0.07215338775961982,0.022574005864670177,-0.051893976419246465,-0.15991617271812275,-0.18094267285459148,0.042506118593760696,0.22065695521723552,-0.008872573667998105,-0.0370019539770874,-0.07377347670687037,0.8846578156231365,-0.04174804873601992,-0.27490625034709637,-0.2040911354943305,0.029565979045527227,0.014263981333735468,-0.009912648128637177,-0.054016190058920444,0.013632319696236222,-0.008511695391422979,0.0031352108693260936,-0.005973926981995854,-0.05557171314645949,0.03175369372752767,-0.36144231754093226,0.04272003376693464,-0.0549707005122354,0.07914559124882316,-0.015005184492956403,-0.01640487310925363,-0.018967524514743254,-0.01392829283527993,-0.014354987042689542,-0.05422676595905907,-0.0018129309954707433,-0.0767457068312299,-0.034150105255455296,-0.05545248560284666,0.02794672287212813,0.10907071713119094,-0.1564417939186632,-0.021545238058334696,-0.022054622619263838,-0.8807818080621139,-0.19575751511216563,-0.054016190058920444,-0.054016190058920444,-0.12330362096435007,-1.6962305893278211,-0.054016190058920444,-0.054016190058920444,-0.6775013835593166,-0.054016190058920444,-0.02632060206176419,-1.3162915081376374,3.7532728468040655,0.06729212385070418,0.3009930804673303,-0.14290224041457447,0.6849458775854351,-0.29591051705480537,0.2635090878803376
2025-03-31,-0.10909570607102648,-0.10384980526292563,-0.20120820903770592,-0.05414379038372295,-0.07075126000025193,0.10492572463241615,-0.0649376540603123,-0.03178199951746137,-0.04277689135108217,-0.03586719795189111,-0.5242865757269416,-0.03481377753484823,-0.0019274466485744285,-0.04630723422680806,0.045012881768332846,-0.02032833957190395,0.013474590528986962,-0.025600114929825637,-0.04660520452240247,-0.046161433879308295,-0.08166242017118122,-0.09418788244055776,0.07054407347928099,0.0026374347832542546,-0.09916957285486656,-0.3681727376124577,-0.01622217602275189,-0.14812731538791274,-0.061407165654455476,-0.06303399873313756,-0.17990659725339844,-0.07557660587015747,-0.0564925335004571,-0.02055160936486879,0.016437693780380035,-0.03550066746502042,-0.03571579929742024,-0.14296158075462587,-0.19087759628126225,0.0030359928453428473,0.04768256672797259,-0.045576760802676065,-0.04905420215197577,-0.19635306541619296,-0.18344955642513922,-0.09625900706000018,0.07047515028238435,-0.027391225750955293,0.06369278176211718,-0.03710130823610877,-0.12499788289429342,-0.14548928510060086,-0.013895412262375732,0.03556728963775488,-0.13880749310884077,-0.09115604134162783,0.018794649839857132,0.03566854372776461,0.031396845441613794,-0.051163357651109256,-0.04059219976325576,-0.1988969745883189,-0.1316957002770342,-0.17431413166499757,-0.04345944838213779,0.0023872579585401035,-0.011268995432234901,-0.09313796044465494,-0.0910169082114373,-0.019214437078833413,-0.10778240396833208,-0.1890565177887108,-0.06865630283853452,-0.13475693985714013,0.07516865372432092,-0.05536922586575678,-0.07381243887202057,-0.19092307362830196,-0.09975231112964639,-0.6271029167839308,-0.05289069929159297,0.08847445142825859,-0.023913116242915075,-0.1635821802979289,-0.10604244609421415,0.11246320673323126,-0.011981151412034315,-0.08509208305399682,-0.06654425438967476,0.008286606461533657,-0.09824475366332014,-0.11775968665656339,0.024926412487054177,-0.02333704718070245,0.07594731593250112,-0.04821724154746173,-0.016818077272932924,-0.026460531930882807,0.026274301106614422,-0.07544747556856013,-0.18920704267211796,-0.19142295431722695,-0.04417713653732642,0.2378813727477717,-0.03956114764577734,-0.04149004620159434,-0.03074010089822363,0.1780115048018723,-0.03117267526266687,-0.38531764638414406,-0.20416575478841104,0.07386170645742449,-0.026831750365486615,0.05950543336286167,-0.0549086005174833,-0.014380571585664671,-0.12128588802662758,-0.0020959216745528243,-0.01994793621401601,-0.10065187037607526,-0.047628939254015935,-0.3110143870792381,-0.026196344718792047,0.01052455313864729,-0.05307901894202816,0.059771603691112604,-0.11687983734665221,-0.17856509991901992,-0.07880930477394656,-0.22895907068134738,0.027696101422703803,-0.501573472436545,-0.02201886906136956,-0.002377124361466634,-0.023833987259578644,-0.09410755501462478,0.05633895204794559,-0.12398046262804731,-0.09140080804653414,-0.10034491719448314,-0.3439492290287305,-0.19986849139378776,-0.40991787104373406,-0.0549086005174833,0.0888734007035274,-2.315347127567928,-0.0549086005174833,-0.40991787104373406,-0.3874067278288178,-0.6886909849580705,0.013232880984056318,-0.058369933536778544,3.5390133801720696,0.0682946389542042,-0.0549086005174833,-0.12087415622153712,1.383013137654287,-0.4565965252527153,-0.09709746121736512
2025-06-30,0.09163011081206965,-0.06866339699596505,-0.20031465515395339,-0.05268122943886834,0.04579806186979145,0.5875311765663745,-0.05882699715060724,-0.029219780969358775,0.01635895619035839,-0.06566965332957378,-0.040394187966246095,-0.006110621236402414,0.23271734806221106,0.06355408939918873,0.2522692167406141,-0.0630353864140683,0.1810470638278339,-0.0473834718092451,-0.011893918051836176,-0.04119068569327249,-0.07068639953255819,-0.07665285460225196,0.023590465807290892,0.0016610020415920045,-0.06755489893828032,0.649586257504158,0.10658961326978417,-0.02972221620561262,-0.06676515583768937,-0.07681756597224029,-0.007746698043995184,0.03281920021757667,-0.12018985430311592,-0.013570526147905805,0.07816840384164156,-0.06699449348030129,-0.036665785899948095,0.01856368399900054,-0.24575564725626942,-0.08410031940184065,-0.06523132586388762,-0.02985255492811036,-0.005081361036322012,0.06322527175724477,-0.21142711751451324,-0.10161194116009052,0.04281118994497411,-0.011833262278536018,0.06287963845821015,-0.004826193402987434,-0.09953164361812067,-0.12718567642017337,-0.07829497846119585,-0.051057059491928986,-0.06546772644580158,-0.1223702422453,-0.022503836533901235,0.014213998007050007,-0.005889310447760711,-0.047100763361321046,-0.13840763594166344,-0.14993891479618365,-0.08650016793947451,-0.14897566630270417,-0.036776504837034915,0.07126863272286209,-0.027597108321956762,-0.2144494438301273,-0.12419880400850047,-0.10311897880135681,-0.07008494338566805,-0.06585780144253463,-0.12100701271912352,-0.2022537117607341,0.14400591460106354,-0.07237214645477344,-0.07785237494487941,-0.10265630977401176,-0.023786202955598686,-0.09554560587772723,-0.03366783058149622,0.09557298936185389,-0.054368423765765304,-0.18316287752722393,-0.08187716488230488,0.27952344062843404,0.022467603337546757,0.00404233740246593,-0.08833485319191052,0.17096279131208683,-0.06965911744873016,-0.12404428431625664,0.016952294194095198,0.0406685851519905,-0.07956431957263567,-0.056815660976459764,-0.030954300573779295,0.057519922788436255,-0.017828804830780146,-0.07849616829640259,-0.26556956757713485,-0.13822190096668735,-0.005842580552617336,0.19183636352636094,-0.02488067131438177,-0.20774542861549009,-0.101401577723761,0.22560883771282866,-0.05640573061037502,-0.35995733976796757,-0.13645800161731148,0.03712283888815808,0.021402587659644236,0.040314443395838125,-0.0509236576125553,-0.10591410314588227,-0.13740533685720024,0.03420940748651768,-0.07368678783383989,-0.07605792818376787,-0.07400322253926597,-0.36568305112169586,-0.03338026586940005,0.11403881001220917,-0.01047550325860926,0.00441968839489649,-0.09882552912449236,0.012298858305795416,-0.06899098013034945,-0.16039669217049374,0.12640985377758973,-1.1554979566263883,0.16327460353536408,0.1252896144949069,0.11324958037307263,-0.051868493862605516,0.07965542543946043,-0.06832748769383129,-0.09174503078800408,0.19598326747709652,1.8649184017474443,-0.21727245790949926,-0.0509236576125553,-0.280342687841927,-0.009814461119719252,-2.1465626676873204,-0.0509236576125553,-0.0509236576125553,0.2652974088623148,-0.38151282009455273,0.029656552695288434,0.0006604428110358927,-0.08581290499387052,-0.0450682472089802,-0.0509236576125553,0.08841752081464692,-0.09184902755630925,-0.8604340030196209,0.32260378915476384
2025-09-30,-0.028297436757047177,0.0590961975045556,-0.19098691345327604,-0.07220864926202551,0.00574821646607855,0.5510266574087559,-0.07391057005819857,-0.03898146856258379,8.580376437170237e-05,-0.039644023908493725,-0.07799330603564011,-0.05597242227679749,0.1589340669670044,0.05524485878256424,-0.03535724653759816,-0.2101408605981818,0.1380996911753926,0.002161259295345548,-0.01484603166318382,-0.10758483594065747,-0.06428865935114428,-0.09046499408968914,0.03490460952611626,0.055722693879276496,-0.0356496083265962,1.6391847362489191,0.1100940892832489,-0.12381211259494523,-0.11660686003097374,-0.08554906307210669,-0.013375465853124128,-0.016133431337231184,-0.12282379798361506,0.018126352638270636,0.1908443523918546,-0.0757180149879487,-0.04430875304950769,-0.07296440041321993,-0.12538357512866666,-0.15530301348598358,0.10460616542123587,-0.030392258193520146,-0.028226345810985605,0.010976748109716649,-0.19202543435733135,-0.09796013705177664,0.05990395419271307,-0.14216037756821645,0.02505835649064069,-0.007256743720895157,-0.3007160711453062,-0.06931934029642228,-0.1341113931595111,-0.04397762836679135,-0.024774030292559424,-0.0676513397015282,0.016967619303272466,-0.037831312548157886,0.052628909357754224,-0.032552476629471874,-0.1387741814683317,-0.19011833426525815,-0.000583494251221335,-0.49875914005683575,-0.053835541795213646,-0.0093889691845031,-0.03525629937703064,-0.1000192410782864,-0.1020593588064414,0.05886339099389627,-0.08109263939580053,-0.11602027946336116,-0.11884576639269676,-0.1978488377816579,0.2850931709639024,-0.011780852402727176,-0.1429967308405038,-0.12164446340025226,0.005468870736191247,0.09914496522514726,0.07061292056449112,0.050930148571410906,0.011711678126426425,-0.20125833006936208,-0.08198879645500692,0.17538044878231038,0.025958671020875252,-0.06022674051052132,-0.1026379332947385,0.10765683590426896,-0.09302811979719348,-0.15795762434658164,-0.018847414370397268,-0.01436365039268638,-0.06286200962660461,-0.0436975598101152,0.03185719724753276,0.06844200100029924,-0.013858213319444222,-0.08029324079151962,-0.38074875528262553,-0.2607089011375198,-0.04393527399089637,0.37206718504003283,-0.02315858119193435,-0.07337079307480189,-0.1566458006110992,-1.0192046528675127,-0.029785566252046605,-0.39988740064970496,-0.19746055229510737,0.11502272279093727,0.021759288414185694,-0.04343857065856343,-0.03898211704370853,-0.05120130449396751,-0.2074425527403362,0.05397633778027649,-0.07525638599893,-0.17106528899138207,-0.04702264121773476,-0.26049873073234564,0.023841860228885733,0.08067673263205376,0.05817120208155849,-0.09025873461246445,-0.05018976712404856,0.13426529698601808,-0.06576942332949426,-0.10348824566915373,0.14020048065328347,-0.17114153003505334,0.18715944646340937,0.16816439907769046,0.05519881926122624,0.010080356017187188,0.025496965239422267,-0.08028766478569987,-0.2699552285871131,-0.1996906074711308,-1.6671013927574359,-0.2122672349786283,-0.03898211704370853,-0.03898211704370853,0.08558736415773019,-2.7249923169204595,-0.03898211704370853,-0.03898211704370853,-0.008785062945842598,0.2801754050407963,0.1396353902122616,-0.07475176933953606,0.0717458040649986,-0.02339723502863407,-0.03898211704370853,-0.02126420217527169,-0.6935996208927389,-1.4478188495296147,-0.03898211704370853
